gender,age,family_history_with_overweight,frequent_high_calorie_food,vegetable_consumption_freq,main_meals_per_day,water_intake,calorie_monitoring,physical_activity_freq,screen_time,bmi,eating_between_meals_Always,eating_between_meals_Frequently,eating_between_meals_Sometimes,eating_between_meals_no,alcohol_consumption_Frequently,alcohol_consumption_Sometimes,alcohol_consumption_no,transportation_type_Public_Transportation,transportation_type_Self_Propelled,transportation_type_Vehicle
0,21,1,0,2,3,2,0,0,1,24,0,0,1,0,0,0,1,1,0,0
0,21,1,0,3,3,3,1,3,0,24,0,0,1,0,0,1,0,1,0,0
1,23,1,0,2,3,2,0,2,1,23,0,0,1,0,1,0,0,1,0,0
1,27,0,0,3,3,2,0,2,0,26,0,0,1,0,1,0,0,0,1,0
1,22,0,0,2,1,2,0,0,0,28,0,0,1,0,0,1,0,1,0,0
1,29,0,1,2,3,2,0,0,0,20,0,0,1,0,0,1,0,0,0,1
0,23,1,1,3,3,2,0,1,0,24,0,0,1,0,0,1,0,0,0,1
1,22,0,0,2,3,2,0,3,0,19,0,0,1,0,0,1,0,1,0,0
1,24,1,1,3,3,2,0,1,1,20,0,0,1,0,1,0,0,1,0,0
1,22,1,1,2,3,2,0,1,1,22,0,0,1,0,0,0,1,1,0,0
1,26,1,1,3,3,3,0,2,2,30,0,1,0,0,0,1,0,1,0,0
0,21,1,1,2,3,2,1,2,1,27,0,1,0,0,0,1,0,1,0,0
1,22,0,0,3,3,3,0,2,0,20,0,0,1,0,0,1,0,1,0,0
1,41,0,1,2,3,2,0,2,1,30,0,0,1,0,1,0,0,0,0,1
1,23,1,1,3,1,1,0,1,1,19,0,0,1,0,0,1,0,1,0,0
0,22,1,0,3,3,2,1,2,1,22,1,0,0,0,0,1,0,1,0,0
1,27,1,1,2,1,1,0,1,0,27,0,0,1,0,0,1,0,1,0,0
0,29,0,1,2,1,2,0,0,0,33,0,0,1,0,0,0,1,0,0,1
0,30,1,1,3,4,1,0,0,0,28,0,1,0,0,0,0,1,0,0,1
0,23,1,0,2,1,2,0,0,0,25,0,0,1,0,0,1,0,1,0,0
1,22,1,0,2,3,2,0,3,2,29,0,0,1,0,0,0,1,0,1,0
0,52,1,1,3,1,2,0,0,0,30,0,0,1,0,0,0,1,0,0,1
0,22,1,1,3,3,2,0,1,0,22,0,0,1,0,0,1,0,0,0,1
0,22,1,1,1,1,2,0,0,2,32,0,0,1,0,0,1,0,1,0,0
1,21,1,1,2,3,2,0,0,1,19,0,0,1,0,0,1,0,1,0,0
1,20,1,0,2,4,2,0,3,2,19,0,1,0,0,0,0,1,1,0,0
1,21,1,1,2,1,2,0,1,2,22,0,1,0,0,1,0,0,0,1,0
0,23,0,1,2,4,2,0,2,1,20,0,1,0,0,0,1,0,0,0,1
1,19,1,1,3,3,2,1,3,1,24,0,0,1,0,0,1,0,1,0,0
1,23,0,1,2,3,2,0,2,2,24,0,0,1,0,1,0,0,0,1,0
1,29,0,1,1,4,3,0,0,1,26,0,1,0,0,0,0,1,0,0,1
0,31,1,0,2,1,1,0,1,0,27,0,0,1,0,0,1,0,1,0,0
0,24,0,0,2,3,3,0,1,1,24,0,0,1,0,0,1,0,0,1,0
1,39,0,0,2,1,2,0,0,0,28,0,0,1,0,0,1,0,1,0,0
1,22,0,1,2,4,2,0,2,0,22,0,1,0,0,0,1,0,1,0,0
0,21,1,0,2,3,2,0,2,2,28,0,0,1,0,0,1,0,1,0,0
0,22,0,1,2,3,1,1,2,0,20,0,0,1,0,0,0,1,0,1,0
0,21,0,1,2,3,1,0,1,0,18,0,0,1,0,0,1,0,1,0,0
1,23,1,1,2,3,2,0,1,1,24,0,0,1,0,0,1,0,1,0,0
0,21,1,1,2,3,3,0,3,0,28,0,0,1,0,0,1,0,1,0,0
0,21,1,1,2,3,2,0,1,0,26,0,0,1,0,0,1,0,1,0,0
1,23,0,0,2,4,2,0,0,0,21,0,1,0,0,0,0,1,0,1,0
0,21,1,1,1,3,1,0,0,0,23,0,0,1,0,0,0,1,1,0,0
1,21,1,1,2,3,2,0,1,1,22,0,0,1,0,1,0,0,1,0,0
1,21,0,0,1,3,2,0,2,0,24,0,0,0,1,0,0,1,1,0,0
0,21,1,0,2,3,1,0,0,1,27,0,0,1,0,0,0,1,1,0,0
1,21,1,1,1,3,3,0,2,0,21,0,1,0,0,0,1,0,1,0,0
1,21,1,1,1,3,3,0,2,0,23,0,1,0,0,0,1,0,1,0,0
0,20,1,0,3,3,2,0,1,0,21,0,0,1,0,0,1,0,0,1,0
0,21,0,1,2,3,2,0,0,0,20,0,0,1,0,0,1,0,1,0,0
0,21,1,1,3,3,3,0,0,1,21,0,0,1,0,0,1,0,0,1,0
0,20,0,1,2,3,1,0,0,0,19,0,0,1,0,0,1,0,0,0,1
0,23,0,1,3,1,2,0,2,2,19,0,0,1,0,0,0,1,1,0,0
0,23,1,0,3,3,2,1,2,1,20,0,0,0,1,0,0,1,1,0,0
0,22,0,0,3,4,3,0,2,0,21,1,0,0,0,0,0,1,1,0,0
1,23,0,0,2,4,2,0,0,0,21,0,1,0,0,0,1,0,0,0,1
1,22,1,1,2,3,1,0,0,1,24,0,0,1,0,0,1,0,0,0,1
1,21,1,0,2,3,1,0,0,1,24,0,0,1,0,0,0,1,1,0,0
0,17,1,1,3,1,2,0,1,1,24,0,0,1,0,0,0,1,0,1,0
1,20,1,1,2,4,3,0,2,2,17,0,0,1,0,0,0,1,1,0,0
0,21,1,1,2,3,3,0,3,1,20,0,0,1,0,0,1,0,1,0,0
1,20,0,1,2,3,2,0,3,1,21,0,0,1,0,0,1,0,1,0,0
1,22,0,1,2,1,2,0,0,0,22,0,0,0,1,0,1,0,1,0,0
1,22,1,1,2,3,2,0,0,2,19,0,0,1,0,0,1,0,0,0,1
0,21,1,1,2,3,1,0,1,1,20,0,1,0,0,0,0,1,1,0,0
0,21,1,1,1,3,2,0,0,1,26,0,1,0,0,0,0,1,1,0,0
1,23,1,1,1,3,2,0,0,2,27,1,0,0,0,1,0,0,1,0,0
1,23,1,1,2,3,2,0,0,1,34,1,0,0,0,1,0,0,0,0,1
1,30,1,1,1,3,2,1,0,0,36,0,0,0,1,1,0,0,0,0,1
1,23,1,0,2,3,3,0,0,1,18,0,0,0,1,0,1,0,1,0,0
0,23,1,1,2,3,2,0,0,2,29,1,0,0,0,0,0,1,1,0,0
0,22,1,0,3,3,3,1,2,1,17,0,0,0,1,0,1,0,1,0,0
0,24,1,0,2,3,3,1,1,0,22,0,0,1,0,0,0,1,1,0,0
1,19,1,0,2,3,3,0,2,1,18,0,0,1,0,0,1,0,0,1,0
1,24,1,1,2,3,3,0,0,1,29,0,1,0,0,1,0,0,1,0,0
0,23,1,0,3,3,3,1,2,0,16,0,0,1,0,0,0,1,1,0,0
0,24,1,0,2,3,2,0,1,0,17,0,0,0,1,0,0,1,1,0,0
0,24,1,1,2,3,3,0,0,0,27,0,0,1,0,0,0,1,1,0,0
0,23,1,1,2,3,3,0,0,1,33,0,0,1,0,0,0,1,1,0,0
1,23,1,0,2,3,2,0,0,0,22,0,0,1,0,0,1,0,1,0,0
0,19,0,0,3,3,2,1,0,0,21,0,0,1,0,0,0,1,1,0,0
1,30,1,1,2,3,2,0,0,0,28,0,1,0,0,0,1,0,1,0,0
1,23,1,1,2,3,2,0,0,1,30,1,0,0,0,0,0,1,1,0,0
0,19,0,0,3,3,3,1,2,0,17,0,0,0,1,0,0,1,0,1,0
1,25,1,1,2,3,2,0,0,1,28,0,1,0,0,0,1,0,1,0,0
1,23,1,0,2,3,2,0,0,0,21,0,0,1,0,0,0,1,1,0,0
1,21,1,1,2,1,3,0,1,0,24,0,1,0,0,0,0,1,1,0,0
1,19,1,1,2,3,2,0,0,0,26,0,0,1,0,0,0,1,1,0,0
0,22,1,1,2,3,2,1,1,0,23,0,1,0,0,0,0,1,0,0,1
0,29,1,1,3,3,1,0,2,1,26,0,0,1,0,1,0,0,0,0,1
0,25,0,0,3,4,1,0,2,0,35,1,0,0,0,0,0,1,1,0,0
0,20,1,0,3,3,2,1,0,1,24,1,0,0,0,1,0,0,1,0,0
1,55,1,0,3,4,3,1,3,0,26,0,1,0,0,1,0,0,0,1,0
0,20,0,0,3,3,2,0,1,0,22,1,0,0,0,0,0,1,0,1,0
0,24,0,1,3,3,2,0,2,0,18,0,0,1,0,0,0,1,1,0,0
1,26,1,0,3,1,2,0,2,0,24,0,1,0,0,1,0,0,1,0,0
0,23,1,0,2,3,2,0,3,0,21,0,0,1,0,0,1,0,1,0,0
0,21,0,0,3,1,1,0,0,0,18,0,1,0,0,0,1,0,1,0,0
1,23,0,0,2,3,2,0,3,1,23,0,0,1,0,1,0,0,1,0,0
0,21,0,1,3,1,1,0,0,0,22,0,0,1,0,0,1,0,1,0,0
1,22,1,0,2,3,2,0,0,0,22,0,1,0,0,0,0,1,1,0,0
0,21,0,1,2,4,2,1,2,0,23,0,1,0,0,0,1,0,0,0,1
0,22,1,1,3,4,2,0,1,0,21,0,1,0,0,0,1,0,1,0,0
0,38,1,1,2,3,2,0,0,0,32,0,0,1,0,0,1,0,0,0,1
0,25,0,1,2,1,2,0,2,0,22,0,0,1,0,0,1,0,1,0,0
1,22,1,1,2,3,1,0,0,1,25,1,0,0,0,0,1,0,0,0,1
1,22,1,0,2,3,3,0,3,2,31,0,0,1,0,0,0,1,0,1,0
0,21,1,1,3,1,3,0,2,1,32,0,0,1,0,0,0,1,1,0,0
1,21,1,1,3,3,2,0,0,1,24,0,0,1,0,0,1,0,1,0,0
0,22,1,1,2,1,1,0,0,0,23,0,0,1,0,0,0,1,1,0,0
0,18,1,1,2,4,2,0,1,0,20,0,1,0,0,0,1,0,1,0,0
0,22,1,0,2,1,2,0,3,0,21,0,0,1,0,0,0,1,0,1,0
0,19,1,1,3,1,2,0,1,0,23,0,1,0,0,1,0,0,1,0,0
0,17,1,1,3,3,2,0,0,1,18,0,1,0,0,0,0,1,1,0,0
0,15,1,1,3,3,1,0,3,2,31,0,0,1,0,0,0,1,0,1,0
0,17,1,0,2,3,2,0,1,1,29,0,1,0,0,0,0,1,1,0,0
1,23,1,1,2,3,2,0,1,1,20,0,0,1,0,0,1,0,1,0,0
0,19,1,0,3,3,3,0,2,1,28,0,1,0,0,0,1,0,0,0,1
0,23,1,1,2,3,2,0,0,2,26,0,1,0,0,0,0,1,0,1,0
1,23,1,1,1,3,2,0,0,2,27,0,1,0,0,1,0,0,1,0,0
1,21,1,0,3,4,1,0,1,0,16,0,1,0,0,0,0,1,0,1,0
1,24,1,1,3,1,2,0,1,0,24,0,0,1,0,0,0,1,1,0,0
1,23,0,1,3,3,1,0,0,0,29,0,0,1,0,0,0,1,1,0,0
1,18,1,1,2,3,2,0,0,0,26,1,0,0,0,1,0,0,1,0,0
1,19,0,1,2,3,2,0,1,0,24,0,0,1,0,0,1,0,1,0,0
0,19,0,1,3,1,3,1,1,0,22,0,0,1,0,0,1,0,1,0,0
1,20,1,1,3,3,1,0,0,0,23,0,1,0,0,0,1,0,1,0,0
1,27,0,1,3,3,3,0,1,1,26,0,0,1,0,1,0,0,1,0,0
0,20,1,1,2,4,2,0,1,1,21,0,1,0,0,0,0,1,1,0,0
1,23,0,0,2,3,1,0,1,0,22,0,0,1,0,0,0,1,1,0,0
0,19,1,1,3,3,3,1,1,2,20,0,1,0,0,1,0,0,1,0,0
0,61,0,1,3,3,2,0,1,1,24,1,0,0,0,1,0,0,1,0,0
1,30,1,1,3,3,1,0,2,0,34,0,0,1,0,0,1,0,0,0,1
1,24,1,1,2,3,2,0,1,0,25,0,0,1,0,0,1,0,0,0,1
1,25,1,1,2,3,2,0,1,1,22,0,0,1,0,0,1,0,1,0,0
1,44,1,0,2,3,3,0,0,0,31,0,0,1,0,0,0,1,0,0,1
1,31,1,0,3,3,3,1,3,0,24,1,0,0,0,0,0,1,0,1,0
1,25,0,1,2,3,2,0,0,1,23,0,1,0,0,0,0,1,1,0,0
1,23,1,1,3,3,3,0,1,1,18,0,1,0,0,0,1,0,1,0,0
1,25,0,1,3,3,2,0,2,0,18,1,0,0,0,1,0,0,1,0,0
1,23,0,1,2,3,1,0,1,1,30,0,1,0,0,1,0,0,0,0,1
0,34,0,1,3,1,1,0,0,0,26,0,0,1,0,0,1,0,0,0,1
1,22,1,0,2,4,3,1,2,2,25,0,0,1,0,0,1,0,1,0,0
1,21,0,1,2,1,3,0,1,0,26,0,0,0,1,0,1,0,1,0,0
0,24,0,0,3,3,2,0,2,2,20,0,1,0,0,1,0,0,1,0,0
0,36,1,0,3,3,1,0,0,0,30,0,0,1,0,0,1,0,0,0,1
0,27,0,1,3,3,2,0,0,0,23,1,0,0,0,0,1,0,0,0,1
0,32,1,1,3,1,2,0,2,0,32,0,0,1,0,0,1,0,0,0,1
1,25,1,1,2,1,2,0,2,1,24,0,0,1,0,0,1,0,1,0,0
0,30,1,1,3,3,2,0,2,0,22,0,0,1,0,0,1,0,0,0,1
0,38,1,1,2,1,2,0,0,0,26,1,0,0,0,0,1,0,0,0,1
1,34,1,0,2,3,3,0,2,0,29,0,0,1,0,0,0,1,0,0,1
1,22,1,1,2,3,2,0,0,0,31,0,0,1,0,0,1,0,1,0,0
0,31,1,1,3,1,2,0,1,1,22,0,1,0,0,0,1,0,0,0,1
0,35,1,0,3,3,1,0,0,1,19,0,1,0,0,0,0,1,0,0,1
1,21,1,1,2,3,2,0,2,1,21,0,1,0,0,0,1,0,1,0,0
0,40,1,0,3,3,3,0,0,0,25,0,0,1,0,0,1,0,0,0,1
1,27,1,1,2,1,2,0,0,0,29,0,0,1,0,1,0,0,0,0,1
1,20,1,0,3,3,1,0,2,1,21,0,0,1,0,0,1,0,1,0,0
1,55,0,1,2,3,2,0,1,0,29,0,0,1,0,0,0,1,0,0,1
0,21,1,1,3,3,2,0,2,0,22,1,0,0,0,0,1,0,1,0,0
1,25,0,0,3,3,2,1,3,0,20,0,1,0,0,0,0,1,1,0,0
1,35,1,0,3,3,3,0,2,1,27,0,1,0,0,0,1,0,0,0,1
1,30,1,0,2,3,1,0,1,0,35,0,0,1,0,0,1,0,1,0,0
0,29,1,0,3,3,2,0,0,0,23,1,0,0,0,0,1,0,0,0,1
1,20,1,0,2,3,2,0,1,2,29,0,0,1,0,0,0,1,0,1,0
0,22,1,1,2,1,2,0,1,0,26,0,0,1,0,0,1,0,1,0,0
0,45,1,1,2,3,1,0,0,0,28,0,1,0,0,0,0,1,0,0,1
1,22,0,1,2,1,2,0,2,1,27,0,0,1,0,0,1,0,1,0,0
1,18,1,1,2,3,2,0,1,0,22,0,1,0,0,0,1,0,1,0,0
0,23,0,0,3,1,2,0,1,2,21,0,0,1,0,0,1,0,1,0,0
1,18,0,0,3,3,2,1,0,1,21,0,0,1,0,0,0,1,1,0,0
0,38,1,1,2,3,2,0,2,0,22,0,0,1,0,0,0,1,1,0,0
0,18,1,1,3,1,1,0,1,0,19,1,0,0,0,0,0,1,1,0,0
1,22,1,1,3,3,2,1,3,0,24,0,1,0,0,0,1,0,1,0,0
1,26,1,1,3,3,2,0,2,2,23,0,1,0,0,1,0,0,1,0,0
0,18,0,1,2,3,2,0,1,0,19,0,0,1,0,0,0,1,1,0,0
0,23,1,1,2,3,1,0,0,0,23,0,1,0,0,0,1,0,1,0,0
0,22,0,1,3,3,2,0,0,1,18,0,1,0,0,0,0,1,1,0,0
0,23,1,1,2,1,1,0,0,0,27,0,0,1,0,0,1,0,1,0,0
0,31,0,0,3,3,2,0,1,0,25,0,0,1,0,0,1,0,0,0,1
1,39,1,0,2,3,3,0,1,0,30,0,0,1,0,1,0,0,0,0,1
1,25,1,0,2,3,3,0,3,2,30,0,0,1,0,0,0,1,1,0,0
1,35,1,1,3,1,3,0,3,1,33,0,0,0,1,1,0,0,0,0,1
0,33,1,1,2,3,2,0,1,1,23,0,0,1,0,0,0,1,1,0,0
1,20,0,1,2,3,2,0,1,0,21,0,0,1,0,0,1,0,1,0,0
1,26,1,1,3,1,2,1,2,0,26,0,1,0,0,0,1,0,1,0,0
1,20,1,0,3,3,3,1,3,0,25,0,0,1,0,0,1,0,0,0,1
1,20,0,0,2,1,3,1,2,1,21,0,1,0,0,0,0,1,1,0,0
0,23,1,1,3,3,3,0,3,0,32,0,1,0,0,0,0,1,1,0,0
1,19,1,1,3,3,2,0,1,1,26,0,0,1,0,0,1,0,0,1,0
1,22,1,0,2,3,2,0,1,2,24,0,0,1,0,0,1,0,0,1,0
1,41,1,1,2,3,2,0,0,0,38,0,0,1,0,0,1,0,0,1,0
0,18,1,1,2,1,1,0,0,2,15,0,1,0,0,0,0,1,1,0,0
0,23,1,1,2,1,1,0,1,1,21,0,0,1,0,0,1,0,1,0,0
0,23,1,0,3,1,3,0,1,2,31,0,0,1,0,0,1,0,1,0,0
0,41,1,1,2,3,1,0,0,0,33,1,0,0,0,0,1,0,0,0,1
0,26,1,1,3,3,1,0,0,1,41,0,0,1,0,0,1,0,1,0,0
1,29,1,0,2,3,3,0,1,0,31,0,0,1,0,0,1,0,0,0,1
1,27,1,1,2,3,2,0,3,2,21,0,0,1,0,0,0,1,0,0,1
0,23,1,1,2,1,2,0,1,0,30,0,0,1,0,1,0,0,1,0,0
1,19,1,1,2,3,2,0,2,0,32,0,1,0,0,0,0,1,1,0,0
1,30,1,0,2,3,2,1,1,0,23,0,0,0,1,0,1,0,0,1,0
0,22,1,1,2,3,2,0,1,1,22,0,0,1,0,0,1,0,1,0,0
1,20,1,1,2,3,2,0,0,1,35,0,1,0,0,0,0,1,1,0,0
0,21,0,1,2,1,1,0,1,1,19,0,0,1,0,0,0,1,1,0,0
0,24,1,0,2,1,2,0,0,0,28,0,0,1,0,0,0,1,1,0,0
1,21,1,1,3,3,2,0,1,0,19,0,0,1,0,0,0,1,1,0,0
1,21,1,1,2,3,2,0,1,0,19,0,0,1,0,0,1,0,1,0,0
1,21,1,1,3,3,3,0,0,2,24,0,0,1,0,0,1,0,1,0,0
0,23,1,0,3,3,2,0,3,0,24,0,1,0,0,0,1,0,0,1,0
1,21,0,0,2,3,3,1,3,1,25,0,1,0,0,1,0,0,0,0,1
0,21,1,0,1,1,2,0,3,0,18,0,0,1,0,0,0,1,1,0,0
0,21,1,1,2,3,3,0,1,0,26,0,0,1,0,0,1,0,1,0,0
0,21,1,0,2,3,2,1,0,2,25,0,1,0,0,1,0,0,1,0,0
1,23,1,1,2,1,1,0,1,1,27,0,0,1,0,0,1,0,1,0,0
0,21,1,1,3,4,3,0,0,2,22,1,0,0,0,0,0,1,1,0,0
0,22,1,1,3,3,3,0,1,0,24,0,1,0,0,0,0,1,1,0,0
0,23,1,1,2,1,2,0,0,0,30,0,0,1,0,0,0,1,1,0,0
1,25,1,0,3,3,3,0,2,0,36,0,0,1,0,0,1,0,0,1,0
0,20,0,1,2,3,1,0,0,1,19,0,0,1,0,0,0,1,0,0,1
0,24,0,1,3,3,2,0,1,1,22,0,0,1,0,0,1,0,1,0,0
0,40,0,0,3,3,3,0,0,0,28,0,0,1,0,0,0,1,0,0,1
1,32,1,0,3,3,3,0,0,2,39,0,0,1,0,0,0,1,0,0,1
1,20,1,1,3,4,3,0,2,0,25,0,0,1,0,0,1,0,0,1,0
0,21,1,1,3,1,3,0,0,0,24,0,0,1,0,0,1,0,1,0,0
0,51,1,0,3,3,3,1,2,0,19,0,0,1,0,0,0,1,1,0,0
0,34,1,0,3,1,2,0,1,0,27,0,0,1,0,0,1,0,0,0,1
0,19,1,1,2,1,2,0,2,0,19,0,0,0,1,0,0,1,1,0,0
0,19,1,0,2,1,2,0,2,0,24,0,0,0,1,0,0,1,1,0,0
0,21,0,1,1,3,2,1,3,0,21,1,0,0,0,0,0,1,0,0,1
0,19,1,1,3,3,1,0,1,1,19,0,0,1,0,0,0,1,1,0,0
0,20,0,1,3,1,3,0,1,1,20,0,0,1,0,0,0,1,1,0,0
0,19,1,1,3,3,3,1,3,1,22,0,0,0,1,0,0,1,1,0,0
0,17,0,1,2,1,3,0,1,1,24,0,0,1,0,0,0,1,1,0,0
1,22,0,1,3,3,2,0,3,0,25,0,0,1,0,0,0,1,0,1,0
0,20,1,1,1,3,2,0,0,2,24,1,0,0,0,0,0,1,0,0,1
1,33,1,1,2,3,3,0,1,0,28,0,0,1,0,0,1,0,0,0,1
0,21,1,0,2,1,2,1,2,0,20,0,0,1,0,0,1,0,1,0,0
0,20,0,0,3,3,2,0,2,1,18,0,0,1,0,0,1,0,0,0,1
0,20,0,1,3,3,3,0,0,1,24,0,0,1,0,0,1,0,1,0,0
0,20,0,1,3,3,1,0,3,1,19,0,1,0,0,0,0,1,0,0,1
1,21,1,1,3,3,3,1,3,0,24,1,0,0,0,0,1,0,0,0,1
1,21,1,1,3,1,2,0,3,0,25,0,0,1,0,0,1,0,0,1,0
0,20,1,1,3,1,2,0,1,1,27,0,0,1,0,0,0,1,1,0,0
1,20,1,0,2,1,3,0,0,0,27,0,0,1,0,1,0,0,0,0,1
1,56,1,0,2,3,2,0,1,0,28,0,0,1,0,1,0,0,0,0,1
0,26,1,1,2,1,2,0,0,2,18,0,0,1,0,0,1,0,1,0,0
0,22,1,0,3,3,2,0,0,0,20,0,0,1,0,0,0,1,1,0,0
1,19,1,0,1,3,2,0,3,0,25,0,0,1,0,0,0,1,0,1,0
1,18,1,0,2,3,3,0,1,0,27,0,0,1,0,0,1,0,1,0,0
1,19,0,0,2,3,3,1,1,2,33,0,0,1,0,0,0,1,1,0,0
1,18,0,0,3,1,1,0,1,0,27,0,0,1,0,0,0,1,1,0,0
0,18,1,1,1,3,1,0,0,1,32,0,1,0,0,0,1,0,1,0,0
1,21,0,1,2,3,1,0,1,0,25,0,0,1,0,0,0,1,1,0,0
0,28,1,0,2,3,2,1,2,0,25,0,1,0,0,0,1,0,0,1,0
1,18,0,1,2,3,2,0,1,1,23,0,0,1,0,0,1,0,1,0,0
1,23,0,1,2,3,1,0,3,2,17,0,1,0,0,0,0,1,1,0,0
1,18,1,1,3,3,3,1,1,1,19,0,1,0,0,0,1,0,0,0,1
1,18,0,1,1,3,1,0,2,1,17,0,1,0,0,0,1,0,1,0,0
0,39,0,1,3,4,2,0,0,0,18,0,1,0,0,0,1,0,1,0,0
1,38,0,1,3,3,2,0,0,0,26,0,1,0,0,1,0,0,0,0,1
1,17,0,0,2,4,2,0,0,2,21,1,0,0,0,0,0,1,1,0,0
1,23,1,1,2,3,2,0,0,1,22,0,0,1,0,0,1,0,0,1,0
1,23,0,1,2,3,3,0,0,1,32,0,0,1,0,0,1,0,1,0,0
0,19,0,1,2,3,1,0,0,2,22,0,1,0,0,0,1,0,1,0,0
1,18,0,1,2,3,2,0,2,1,20,0,0,1,0,0,0,1,1,0,0
1,25,1,1,2,3,2,0,0,0,24,0,1,0,0,0,1,0,0,0,1
0,25,0,0,2,3,1,0,2,1,23,0,0,1,0,0,1,0,1,0,0
0,18,1,1,3,3,2,0,0,1,22,0,1,0,0,0,1,0,1,0,0
1,16,1,1,2,1,3,0,1,0,17,0,1,0,0,0,0,1,1,0,0
1,21,0,1,2,4,3,0,3,2,20,1,0,0,0,0,1,0,0,1,0
0,32,1,1,3,3,2,0,0,0,23,0,0,1,0,0,1,0,0,0,1
1,18,0,0,3,3,2,0,1,1,16,0,0,1,0,0,1,0,1,0,0
1,21,0,1,3,4,2,0,0,0,20,0,1,0,0,0,1,0,1,0,0
1,18,1,1,2,3,2,0,0,0,19,0,1,0,0,0,1,0,1,0,0
0,18,1,1,2,3,1,0,1,1,20,0,1,0,0,0,0,1,1,0,0
1,17,0,0,2,3,3,0,2,1,21,0,0,1,0,0,1,0,0,1,0
1,20,1,1,1,1,2,0,1,1,22,0,0,1,0,0,1,0,1,0,0
1,21,1,1,2,3,1,0,0,0,32,1,0,0,0,0,1,0,1,0,0
0,21,0,1,2,3,1,0,1,1,23,0,0,1,0,0,1,0,1,0,0
0,18,1,1,2,3,3,0,3,0,22,0,0,1,0,0,0,1,1,0,0
0,17,0,1,3,3,1,0,0,2,20,0,0,1,0,0,0,1,1,0,0
1,19,0,0,2,3,3,0,3,0,22,0,0,1,0,0,1,0,0,0,1
1,16,1,1,2,3,2,0,2,1,21,0,1,0,0,0,1,0,1,0,0
1,17,0,1,2,3,2,0,2,1,17,0,1,0,0,0,0,1,0,1,0
1,21,1,1,2,3,1,0,1,1,22,0,1,0,0,0,0,1,1,0,0
1,19,1,0,2,3,2,0,1,0,22,0,1,0,0,0,0,1,1,0,0
1,18,1,1,2,1,2,0,1,2,31,0,0,1,0,0,1,0,1,0,0
0,16,0,0,2,1,1,0,0,1,21,0,0,1,0,0,0,1,0,1,0
0,21,0,1,3,3,2,0,2,1,22,0,0,1,0,0,1,0,1,0,0
1,26,0,0,2,3,2,0,2,0,26,0,0,1,0,0,0,1,0,0,1
1,18,1,1,2,3,1,0,0,1,24,0,1,0,0,1,0,0,1,0,0
1,23,0,1,3,3,3,0,1,2,25,0,0,1,0,0,1,0,1,0,0
1,26,0,1,2,3,1,0,0,0,24,0,0,1,0,0,1,0,1,0,0
1,18,0,1,2,4,2,0,2,1,18,0,0,1,0,0,1,0,1,0,0
1,16,1,1,3,3,3,0,3,2,13,1,0,0,0,0,1,0,0,1,0
0,16,0,1,2,4,2,0,0,1,19,1,0,0,0,0,1,0,1,0,0
1,20,1,0,2,3,3,0,2,1,26,0,0,1,0,0,1,0,1,0,0
1,23,1,1,2,3,2,0,2,1,39,0,0,1,0,0,1,0,1,0,0
0,24,1,1,1,3,2,0,0,2,24,1,0,0,0,0,1,0,1,0,0
0,23,1,1,2,1,1,0,0,2,18,0,1,0,0,0,1,0,1,0,0
1,20,0,1,3,4,3,0,2,0,23,1,0,0,0,0,1,0,1,0,0
1,17,1,1,2,4,2,0,2,1,17,0,1,0,0,0,0,1,1,0,0
1,17,0,1,2,3,2,0,3,1,20,1,0,0,0,0,0,1,1,0,0
0,16,0,1,3,3,1,0,3,0,22,0,0,1,0,0,0,1,1,0,0
1,17,1,1,1,3,2,0,1,1,20,1,0,0,0,0,1,0,1,0,0
0,26,0,1,3,3,1,0,1,0,23,0,0,1,0,0,0,1,0,1,0
1,26,0,1,2,3,2,0,0,0,24,1,0,0,0,0,1,0,1,0,0
1,38,1,0,3,3,1,0,2,1,24,0,1,0,0,0,0,1,0,0,1
1,18,0,1,3,4,2,0,1,1,22,0,0,1,0,0,0,1,1,0,0
0,25,0,1,2,3,1,0,0,0,18,0,0,1,0,0,1,0,1,0,0
0,27,0,1,2,3,1,0,0,1,26,0,0,1,0,0,1,0,0,0,1
1,21,1,1,3,1,2,0,1,1,24,1,0,0,0,0,0,1,1,0,0
1,38,1,0,3,3,1,0,3,1,24,0,1,0,0,0,0,1,0,0,1
0,23,0,0,3,3,2,0,2,0,18,0,1,0,0,0,1,0,1,0,0
1,18,1,1,2,3,2,0,3,0,22,0,0,1,0,0,1,0,0,0,1
0,30,1,1,2,3,1,0,0,0,26,0,0,1,0,0,1,0,1,0,0
0,21,0,1,2,1,1,0,1,0,24,0,0,1,0,0,1,0,1,0,0
1,18,1,1,3,3,2,0,3,0,19,0,0,1,0,0,1,0,1,0,0
1,23,1,0,3,4,1,0,0,0,25,0,1,0,0,0,1,0,1,0,0
1,19,1,0,3,1,3,0,3,1,24,0,0,1,0,0,1,0,0,1,0
0,19,1,1,3,3,1,0,0,1,30,0,0,1,0,0,1,0,1,0,0
0,17,0,1,3,4,1,0,2,1,15,0,1,0,0,0,1,0,1,0,0
1,17,1,1,2,3,2,0,2,1,18,0,0,1,0,0,0,1,1,0,0
1,27,1,1,2,1,2,0,1,0,21,0,0,1,0,0,0,1,0,1,0
0,23,0,0,3,4,3,1,3,0,19,1,0,0,0,0,0,1,0,0,1
0,18,0,1,2,3,2,1,1,2,25,0,1,0,0,1,0,0,1,0,0
1,19,0,1,1,4,1,0,2,1,17,0,1,0,0,0,1,0,1,0,0
1,20,0,1,2,3,2,0,0,1,22,0,0,1,0,0,0,1,1,0,0
1,18,1,1,3,3,2,0,3,2,20,0,1,0,0,0,0,1,0,1,0
0,17,0,1,3,1,2,1,1,2,25,0,0,1,0,0,1,0,1,0,0
0,19,0,0,2,3,1,1,2,0,17,0,0,1,0,1,0,0,1,0,0
1,21,0,1,3,3,2,0,1,1,22,0,0,1,0,0,0,1,1,0,0
1,20,0,0,2,3,1,0,0,0,19,0,0,1,0,0,1,0,1,0,0
1,23,1,1,3,3,2,0,1,0,34,0,0,1,0,0,1,0,1,0,0
1,23,0,0,3,3,2,0,3,0,24,0,0,1,0,0,0,1,1,0,0
1,18,1,1,3,3,2,0,2,1,49,0,1,0,0,0,1,0,1,0,0
1,17,0,1,3,3,2,0,3,1,19,1,0,0,0,0,1,0,1,0,0
0,21,1,0,3,3,1,0,2,0,19,1,0,0,0,0,0,1,1,0,0
1,17,1,1,2,3,3,0,1,1,29,0,0,1,0,0,1,0,0,1,0
1,18,1,1,2,3,2,0,3,2,24,0,0,1,0,0,0,1,0,1,0
1,20,1,1,2,3,3,0,1,1,31,1,0,0,0,0,1,0,1,0,0
1,17,1,0,2,3,1,0,3,2,22,0,0,1,0,0,1,0,0,1,0
0,26,0,0,3,4,2,0,2,0,22,1,0,0,0,0,0,1,0,1,0
0,17,0,1,1,3,1,0,2,2,20,0,0,1,0,0,1,0,0,1,0
0,24,1,1,1,3,2,0,0,1,19,0,0,1,0,0,1,0,0,0,1
0,17,0,1,2,3,2,0,1,2,23,0,0,1,0,0,0,1,1,0,0
0,27,0,1,3,1,1,0,1,0,25,0,0,1,0,0,1,0,1,0,0
1,17,0,0,3,3,2,0,3,1,16,0,0,1,0,0,0,1,0,1,0
0,17,1,1,1,3,1,0,1,1,19,0,0,1,0,0,0,1,0,0,1
1,41,1,0,2,1,1,0,1,0,35,0,0,1,0,1,0,0,0,0,1
0,33,1,0,2,3,2,0,1,0,19,0,0,1,0,0,1,0,1,0,0
1,20,0,1,2,3,1,0,1,1,21,0,1,0,0,0,1,0,1,0,0
0,40,1,1,2,1,2,0,2,0,32,0,0,1,0,0,0,1,1,0,0
0,37,1,0,3,3,2,0,1,0,26,0,0,1,0,0,1,0,0,0,1
1,19,0,1,2,1,2,0,2,1,24,0,0,1,0,0,1,0,1,0,0
1,24,1,1,2,1,2,0,2,1,25,1,0,0,0,0,1,0,1,0,0
1,24,0,1,3,3,2,0,0,0,23,0,0,1,0,0,1,0,0,0,1
1,33,1,1,2,1,2,0,3,0,28,0,0,1,0,0,1,0,0,0,1
0,40,0,1,2,3,2,0,3,1,25,0,1,0,0,0,1,0,1,0,0
0,37,1,1,2,1,2,0,0,0,29,0,0,1,0,0,0,1,0,0,1
1,20,0,0,3,3,2,0,3,1,29,0,1,0,0,0,1,0,1,0,0
1,19,0,1,2,3,1,0,1,1,18,0,0,1,0,0,0,1,1,0,0
1,17,1,1,3,1,2,1,1,2,26,1,0,0,0,0,1,0,1,0,0
0,18,0,1,3,3,1,0,0,2,22,0,0,1,0,0,0,1,0,0,1
0,21,0,1,2,1,2,0,0,2,23,0,0,1,0,0,1,0,1,0,0
1,18,1,1,2,4,2,0,2,1,22,0,1,0,0,0,1,0,0,0,1
1,41,1,1,2,1,3,0,1,0,28,0,1,0,0,0,1,0,0,0,1
0,36,1,0,3,3,1,0,2,0,24,0,0,1,0,0,1,0,0,0,1
1,18,0,0,2,4,2,0,1,1,21,0,1,0,0,0,1,0,1,0,0
1,18,0,1,3,3,1,0,2,1,23,0,1,0,0,0,1,0,1,0,0
1,17,1,1,3,3,2,0,0,2,24,0,0,1,0,0,1,0,0,1,0
1,25,0,1,3,3,3,1,3,0,28,0,0,1,0,0,0,1,0,0,1
1,21,1,1,3,3,1,0,2,0,23,0,1,0,0,0,1,0,1,0,0
0,29,1,0,2,3,1,0,0,1,21,0,1,0,0,0,1,0,1,0,0
1,17,1,0,2,3,2,0,0,1,33,0,0,1,0,0,1,0,0,0,1
0,18,1,1,3,1,1,1,0,2,23,0,0,1,0,0,0,1,0,1,0
0,16,0,1,2,3,2,0,1,1,18,0,1,0,0,0,0,1,1,0,0
0,18,0,0,1,3,1,0,1,2,20,0,0,1,0,0,0,1,1,0,0
0,37,1,1,2,3,1,0,0,0,33,0,1,0,0,0,1,0,0,0,1
1,18,1,0,2,3,3,0,1,0,34,0,0,1,0,0,0,1,1,0,0
0,16,1,1,1,1,2,0,0,0,25,0,0,1,0,0,0,1,1,0,0
1,23,1,1,2,3,3,0,0,2,17,1,0,0,0,0,0,1,1,0,0
0,18,0,0,2,3,2,0,0,1,17,0,0,1,0,0,1,0,0,1,0
1,18,0,0,3,3,3,0,2,2,22,0,1,0,0,0,0,1,1,0,0
1,18,0,1,1,3,2,0,0,1,26,0,0,1,0,0,1,0,1,0,0
0,17,1,1,2,3,1,0,0,1,23,0,0,1,0,0,0,1,1,0,0
0,20,1,1,1,3,2,0,3,2,16,0,0,1,0,0,1,0,1,0,0
0,38,1,0,3,3,1,0,2,1,24,0,0,1,0,1,0,0,0,0,1
1,20,0,1,2,4,3,0,0,0,21,0,1,0,0,0,0,1,1,0,0
1,21,1,1,3,1,1,0,0,0,36,1,0,0,0,0,1,0,1,0,0
1,21,0,0,3,1,1,0,0,0,22,0,1,0,0,0,1,0,0,0,1
1,18,1,0,2,3,2,0,0,0,25,0,0,1,0,0,0,1,1,0,0
1,26,0,1,2,3,2,0,1,1,24,1,0,0,0,0,1,0,1,0,0
1,27,1,1,3,1,2,0,2,1,29,0,1,0,0,0,1,0,0,1,0
0,26,1,0,3,3,3,0,0,0,40,0,0,1,0,0,0,1,0,0,1
1,34,0,1,2,3,2,0,3,1,23,0,0,1,0,0,1,0,0,0,1
1,18,0,0,3,3,2,0,3,0,28,0,0,1,0,0,0,1,1,0,0
1,33,0,0,2,3,2,0,3,1,21,0,0,1,0,0,1,0,0,0,1
0,19,1,1,3,3,1,0,1,2,25,0,1,0,0,0,1,0,0,1,0
1,20,1,0,3,1,2,0,0,0,24,0,0,1,0,0,1,0,1,0,0
0,33,1,1,3,1,3,0,2,1,22,0,0,1,0,0,1,0,1,0,0
1,20,0,0,2,3,2,0,1,1,19,0,0,1,0,0,0,1,1,0,0
0,20,0,0,3,3,2,1,0,0,25,0,0,1,0,0,1,0,1,0,0
1,33,0,1,2,3,2,0,1,0,24,0,1,0,0,0,1,0,0,0,1
1,33,0,0,2,3,2,1,1,0,27,0,0,1,0,0,1,0,1,0,0
1,33,1,1,2,1,2,0,1,2,33,1,0,0,0,1,0,0,0,0,1
1,14,1,1,3,3,3,0,2,1,24,0,0,1,0,0,0,1,0,1,0
1,34,0,1,3,3,1,1,2,0,25,0,0,1,0,0,0,1,0,0,1
1,18,1,1,3,3,2,0,1,1,27,0,0,1,0,1,0,0,1,0,0
1,18,0,1,3,3,2,0,2,0,31,0,0,1,0,0,1,0,1,0,0
1,29,1,1,1,3,1,0,0,0,33,0,0,1,0,0,1,0,1,0,0
1,18,1,1,3,4,2,1,2,0,17,0,0,1,0,0,1,0,0,0,1
1,18,1,1,3,4,2,1,2,0,17,0,0,1,0,0,1,0,0,0,1
1,19,0,1,2,3,2,0,2,0,18,0,0,1,0,0,1,0,0,1,0
1,33,1,1,2,3,1,0,1,1,27,0,0,1,0,0,1,0,0,1,0
1,33,0,0,2,3,1,0,0,2,25,0,0,1,0,0,1,0,0,1,0
0,19,1,1,2,3,2,0,2,1,20,1,0,0,0,0,1,0,1,0,0
1,22,0,0,2,3,3,0,1,1,22,0,0,1,0,0,0,1,1,0,0
0,20,0,1,3,3,2,0,3,0,21,0,0,0,1,0,1,0,1,0,0
1,23,0,1,3,1,1,0,2,1,23,0,1,0,0,0,1,0,1,0,0
1,26,1,1,2,3,1,1,1,0,22,0,1,0,0,0,1,0,0,0,1
1,18,0,1,2,3,1,0,1,0,31,0,0,1,0,0,1,0,1,0,0
0,18,0,1,2,4,2,0,2,1,21,0,1,0,0,0,1,0,1,0,0
1,19,0,1,3,3,1,0,2,0,21,0,1,0,0,0,0,1,1,0,0
0,18,1,1,2,3,1,0,1,1,21,0,0,1,0,0,1,0,1,0,0
1,19,0,1,2,4,2,0,3,1,24,0,1,0,0,1,0,0,0,0,1
0,19,1,1,2,1,3,0,3,1,25,0,0,1,0,0,0,1,1,0,0
0,18,0,1,2,3,1,0,0,0,22,0,0,1,0,1,0,0,0,0,1
0,18,1,1,2,1,2,0,1,0,21,1,0,0,0,0,1,0,0,1,0
0,19,0,1,3,3,2,0,2,1,22,0,0,1,0,0,1,0,0,0,1
0,19,0,1,2,3,2,0,0,1,23,0,1,0,0,0,1,0,1,0,0
0,18,0,1,2,3,1,0,0,0,23,0,0,1,0,0,0,1,0,0,1
0,18,1,1,3,3,1,0,1,2,20,0,1,0,0,0,0,1,1,0,0
1,26,1,1,2,3,2,0,0,1,21,0,0,1,0,0,1,0,0,1,0
1,18,1,1,2,3,2,0,0,2,17,0,0,1,0,0,1,0,1,0,0
1,19,1,1,2,1,2,0,2,0,20,0,0,1,0,0,1,0,1,0,0
0,19,0,1,2,4,1,0,3,0,19,0,0,1,0,0,1,0,1,0,0
1,19,1,1,3,3,2,0,2,0,24,0,1,0,0,0,1,0,1,0,0
1,19,1,1,2,4,2,0,2,1,26,0,0,1,0,0,1,0,1,0,0
0,24,1,1,3,1,1,0,0,2,39,0,0,1,0,0,1,0,1,0,0
0,18,1,1,1,3,2,0,2,2,23,0,0,1,0,0,1,0,1,0,0
1,19,0,1,3,3,2,0,1,1,24,0,0,1,0,0,1,0,1,0,0
1,19,1,0,2,3,2,0,1,0,22,0,1,0,0,0,0,1,1,0,0
1,23,0,0,3,3,2,0,2,1,22,0,0,0,1,0,1,0,0,0,1
0,18,0,1,3,3,1,0,0,0,19,0,0,1,0,0,1,0,0,0,1
0,20,0,1,3,1,1,0,1,0,24,0,0,1,0,0,0,1,1,0,0
1,18,0,1,2,3,1,0,1,1,19,0,1,0,0,0,1,0,1,0,0
0,33,0,1,3,1,2,0,0,0,23,0,1,0,0,0,0,1,1,0,0
0,19,0,1,2,3,1,0,0,0,20,0,0,1,0,0,1,0,1,0,0
1,19,0,1,2,3,1,0,1,1,21,1,0,0,0,0,1,0,1,0,0
1,19,1,1,2,3,3,0,1,2,25,0,1,0,0,1,0,0,1,0,0
1,21,1,1,2,1,2,0,0,2,34,0,0,1,0,0,0,1,1,0,0
1,27,1,1,2,1,2,0,0,0,29,1,0,0,0,0,1,0,0,0,1
1,17,1,0,2,3,1,0,2,1,20,0,0,1,0,0,1,0,1,0,0
1,18,0,0,3,4,2,0,2,0,23,1,0,0,0,0,1,0,0,1,0
0,18,1,1,2,3,1,0,1,1,19,0,1,0,0,0,1,0,1,0,0
1,22,1,1,3,3,1,0,1,0,24,0,1,0,0,0,0,1,0,0,1
0,20,0,1,3,3,1,0,1,0,17,0,1,0,0,0,1,0,1,0,0
0,19,0,1,3,1,2,0,0,1,17,0,0,1,0,0,0,1,1,0,0
0,20,0,1,2,3,2,0,3,0,21,0,1,0,0,0,1,0,1,0,0
0,18,1,1,2,3,2,1,1,0,32,0,0,1,0,0,0,1,1,0,0
0,18,0,0,3,4,2,0,1,1,29,0,1,0,0,0,0,1,1,0,0
0,18,1,1,1,3,1,0,1,0,19,0,1,0,0,0,1,0,1,0,0
1,19,0,1,2,3,1,0,1,0,20,0,0,1,0,0,0,1,1,0,0
0,18,0,0,2,1,1,0,0,2,25,0,0,1,0,0,0,1,1,0,0
0,18,1,1,3,3,2,0,1,0,25,0,0,1,0,0,0,1,1,0,0
0,18,1,1,3,3,1,1,1,1,20,0,1,0,0,0,0,1,1,0,0
1,19,0,1,2,3,1,0,1,1,22,0,1,0,0,0,1,0,1,0,0
0,17,0,1,1,4,2,0,1,2,20,0,1,0,0,0,1,0,1,0,0
0,18,0,1,2,3,1,0,0,1,20,0,0,1,0,0,1,0,1,0,0
1,18,1,1,3,4,1,1,2,0,21,0,0,1,0,0,1,0,1,0,0
0,20,1,1,2,1,2,0,1,1,21,0,1,0,0,0,1,0,1,0,0
0,18,0,1,2,3,1,0,0,0,25,0,0,1,0,0,0,1,1,0,0
0,36,1,1,2,3,1,0,0,2,29,0,0,1,0,0,0,1,0,0,1
1,21,1,1,1,3,2,0,3,1,22,1,0,0,0,0,1,0,1,0,0
1,23,0,1,2,3,2,0,1,0,24,0,0,1,0,1,0,0,1,0,0
1,20,1,0,2,3,3,0,3,0,30,0,0,1,0,0,0,1,0,0,1
1,21,1,1,3,3,3,0,2,1,23,0,0,1,0,0,1,0,0,1,0
0,19,0,1,2,1,1,0,0,2,20,0,0,1,0,0,0,1,1,0,0
1,24,0,1,3,3,2,1,1,0,27,0,0,0,1,0,1,0,1,0,0
1,25,0,1,2,3,1,0,1,1,24,0,0,1,0,0,1,0,1,0,0
1,45,0,1,3,3,1,0,0,0,29,0,1,0,0,0,0,1,0,0,1
1,20,0,1,2,3,1,0,2,0,20,0,1,0,0,0,1,0,0,0,1
0,18,0,1,3,3,2,0,0,0,23,0,0,1,0,0,1,0,1,0,0
1,19,1,1,3,1,1,1,0,0,18,1,0,0,0,0,0,1,0,0,1
1,20,0,0,2,3,2,0,1,1,18,0,0,1,0,0,1,0,1,0,0
0,25,1,1,3,3,1,0,0,1,36,0,0,1,0,0,1,0,1,0,0
0,18,1,1,3,3,1,0,1,1,44,0,0,1,0,0,1,0,1,0,0
0,26,1,1,3,3,2,0,0,0,42,0,0,1,0,0,1,0,1,0,0
0,21,1,1,3,3,2,0,1,0,44,0,0,1,0,0,1,0,1,0,0
0,21,1,1,3,3,2,0,0,0,48,0,0,1,0,0,1,0,1,0,0
0,18,1,1,3,3,2,0,1,0,43,0,0,1,0,0,1,0,1,0,0
0,26,1,1,3,3,2,0,0,0,41,0,0,1,0,0,1,0,1,0,0
0,26,1,1,3,3,2,0,0,0,39,0,0,1,0,0,1,0,1,0,0
0,21,1,1,3,3,2,0,1,0,42,0,0,1,0,0,1,0,1,0,0
1,19,1,1,2,3,2,0,1,2,18,0,0,1,0,0,1,0,1,0,0
1,17,1,1,2,4,2,0,2,1,17,0,0,1,0,0,1,0,1,0,0
1,22,1,1,2,3,2,0,2,0,18,0,0,1,0,0,1,0,1,0,0
0,22,1,1,3,3,2,0,1,1,18,0,1,0,0,0,0,1,1,0,0
0,21,1,1,3,3,2,0,2,1,17,0,1,0,0,0,0,1,1,0,0
0,22,1,1,2,3,1,0,2,1,17,0,1,0,0,0,0,1,1,0,0
0,21,0,0,3,1,2,0,1,0,17,0,1,0,0,0,0,1,1,0,0
0,22,0,0,3,2,2,0,0,0,16,0,1,0,0,0,0,1,1,0,0
0,21,0,0,3,1,2,0,0,0,17,0,1,0,0,0,0,1,1,0,0
0,21,0,0,2,1,1,0,0,0,17,0,1,0,0,0,0,1,1,0,0
0,22,0,0,2,1,1,0,0,0,17,0,1,0,0,0,0,1,1,0,0
0,23,0,0,2,3,2,0,1,0,17,0,1,0,0,0,0,1,1,0,0
0,18,0,1,3,3,3,1,2,1,15,0,0,1,0,0,0,1,1,0,0
0,19,0,1,3,2,2,1,0,0,17,0,0,1,0,0,0,1,1,0,0
0,19,0,1,3,1,2,1,1,0,17,0,0,1,0,0,0,1,1,0,0
0,20,0,1,2,1,1,0,0,0,16,0,1,0,0,0,1,0,1,0,0
0,21,0,1,3,1,1,0,0,0,18,0,1,0,0,0,1,0,1,0,0
0,20,0,1,3,2,1,0,0,0,18,0,1,0,0,0,1,0,1,0,0
0,19,0,1,3,1,1,0,0,0,18,0,1,0,0,0,1,0,1,0,0
0,20,0,1,3,1,1,0,0,0,17,0,1,0,0,0,1,0,1,0,0
0,21,0,0,3,3,1,0,0,0,16,0,1,0,0,0,1,0,1,0,0
0,21,0,0,3,3,1,0,0,0,17,0,1,0,0,0,1,0,1,0,0
0,19,0,0,1,4,1,0,1,0,16,0,1,0,0,0,1,0,1,0,0
1,23,1,1,3,3,2,0,1,0,18,0,0,1,0,0,1,0,0,0,1
1,22,1,1,3,3,2,0,1,0,18,0,0,1,0,0,1,0,0,0,1
1,23,1,1,3,3,2,0,1,0,17,0,0,1,0,0,1,0,0,0,1
1,18,1,1,3,3,2,0,0,1,16,0,1,0,0,0,0,1,1,0,0
1,21,1,1,3,3,1,0,0,0,17,0,1,0,0,0,0,1,1,0,0
1,18,1,1,3,3,2,0,0,1,18,0,1,0,0,0,0,1,1,0,0
0,18,0,1,2,1,1,0,0,1,16,0,0,1,0,0,1,0,1,0,0
0,18,0,1,2,1,1,0,0,1,16,0,0,1,0,0,1,0,1,0,0
0,18,0,1,2,1,1,0,0,1,16,0,0,1,0,0,1,0,1,0,0
0,19,0,0,2,3,1,0,2,1,17,0,1,0,0,0,1,0,1,0,0
0,19,0,0,2,3,2,0,1,1,17,0,1,0,0,0,1,0,1,0,0
0,19,0,0,2,3,2,0,1,1,17,0,1,0,0,0,1,0,1,0,0
0,23,1,1,2,3,2,0,1,2,17,0,1,0,0,0,0,1,1,0,0
0,20,1,1,2,3,1,0,2,2,17,0,1,0,0,0,0,1,1,0,0
0,23,1,1,2,3,1,0,0,2,17,0,1,0,0,0,0,1,1,0,0
0,19,0,1,1,3,1,0,2,1,18,0,0,1,0,0,1,0,1,0,0
0,18,0,1,1,3,1,0,2,1,17,0,0,1,0,0,1,0,1,0,0
0,19,0,1,2,3,1,0,2,1,18,0,0,1,0,0,1,0,1,0,0
0,29,1,1,2,3,2,0,0,0,19,0,1,0,0,0,0,1,1,0,0
0,32,1,1,3,3,2,0,1,0,17,0,1,0,0,0,0,1,1,0,0
0,24,1,1,3,3,2,0,0,0,18,0,1,0,0,0,0,1,1,0,0
1,17,0,1,2,2,2,0,0,0,17,0,0,1,0,0,1,0,1,0,0
1,16,0,1,2,3,1,0,1,0,16,0,0,1,0,0,1,0,1,0,0
1,16,0,1,2,2,2,0,0,0,18,0,0,1,0,0,1,0,1,0,0
1,18,0,1,2,3,1,0,1,1,16,0,0,1,0,0,1,0,1,0,0
1,18,0,1,2,3,2,0,0,1,16,0,0,1,0,0,1,0,1,0,0
1,18,0,1,2,3,2,0,0,1,16,0,0,1,0,0,1,0,1,0,0
1,17,1,1,2,3,2,0,2,0,17,0,0,1,0,0,0,1,0,0,1
1,19,1,1,2,3,2,0,2,1,18,0,0,1,0,0,0,1,0,0,1
1,18,1,1,2,3,2,0,2,1,18,0,0,1,0,0,0,1,0,0,1
0,17,0,1,2,3,2,0,2,1,16,0,0,1,0,0,1,0,1,0,0
0,17,0,1,2,3,2,0,2,1,17,0,0,1,0,0,1,0,1,0,0
0,16,0,1,3,3,2,0,2,1,14,0,0,1,0,0,1,0,1,0,0
1,17,1,1,2,4,2,0,2,0,18,0,0,1,0,0,0,1,0,0,1
1,17,1,1,2,4,2,0,2,0,18,0,0,1,0,0,0,1,0,0,1
1,19,1,1,2,4,2,0,2,1,17,0,0,1,0,0,0,1,0,0,1
0,22,1,1,3,3,2,0,0,0,19,0,1,0,0,0,0,1,1,0,0
0,20,1,1,2,3,2,0,2,1,17,0,1,0,0,0,0,1,1,0,0
0,22,1,1,3,3,2,0,2,0,17,0,1,0,0,0,0,1,1,0,0
0,19,0,1,3,3,1,0,2,1,16,0,0,1,0,0,1,0,1,0,0
0,17,0,1,3,3,1,0,2,1,18,0,0,1,0,0,1,0,1,0,0
0,19,0,1,3,3,1,0,2,1,15,0,0,1,0,0,1,0,1,0,0
0,18,0,1,1,3,1,0,0,1,17,0,1,0,0,0,1,0,1,0,0
0,19,0,1,1,3,1,0,2,1,17,0,1,0,0,0,1,0,1,0,0
0,17,0,1,1,4,1,0,2,1,16,0,1,0,0,0,1,0,1,0,0
0,19,0,0,2,3,1,0,1,0,16,0,1,0,0,0,1,0,1,0,0
0,19,0,0,2,1,1,0,1,0,18,0,1,0,0,0,1,0,1,0,0
0,19,0,0,2,1,1,0,0,0,17,0,1,0,0,0,1,0,1,0,0
1,17,1,1,2,3,2,0,2,1,17,0,0,1,0,0,0,1,0,0,1
1,17,1,1,2,3,2,0,2,1,17,0,0,1,0,0,0,1,0,0,1
1,18,1,1,2,3,2,0,2,1,17,0,0,1,0,0,0,1,0,0,1
0,22,1,1,2,3,1,0,0,0,16,0,1,0,0,0,0,1,1,0,0
0,21,1,1,2,3,2,0,0,1,17,0,1,0,0,0,0,1,1,0,0
0,23,1,1,2,3,1,0,2,2,17,0,1,0,0,0,0,1,1,0,0
0,17,0,1,2,3,1,0,0,1,17,0,0,1,0,0,1,0,1,0,0
0,18,0,1,1,3,1,0,0,1,17,0,0,1,0,0,1,0,1,0,0
0,18,0,1,1,3,1,0,0,1,17,0,0,1,0,0,1,0,1,0,0
0,18,0,1,1,1,1,0,0,2,16,0,0,1,0,0,1,0,1,0,0
0,19,0,1,1,3,1,0,2,0,16,0,0,1,0,0,1,0,1,0,0
0,20,0,1,2,2,1,0,0,0,17,0,0,1,0,0,1,0,1,0,0
1,19,1,1,2,4,2,0,2,0,18,0,0,1,0,0,0,1,0,0,1
1,17,1,1,3,3,2,0,2,0,16,0,0,1,0,0,0,1,0,0,1
1,18,1,1,2,4,2,0,2,1,17,0,0,1,0,0,0,1,0,0,1
1,18,1,1,3,4,2,0,2,0,17,0,0,1,0,0,0,1,0,0,1
1,17,1,1,2,4,2,0,2,0,17,0,0,1,0,0,0,1,0,0,1
1,17,1,1,2,4,2,0,2,0,18,0,0,1,0,0,0,1,0,0,1
1,18,1,1,2,3,2,0,0,1,17,0,0,1,0,0,1,0,1,0,0
1,18,1,1,2,3,2,0,0,1,17,0,0,1,0,0,1,0,1,0,0
1,18,1,1,1,3,1,0,0,1,17,0,0,1,0,0,1,0,1,0,0
0,19,0,0,2,3,1,1,1,0,18,0,1,0,0,0,1,0,1,0,0
0,19,0,0,3,3,1,1,1,0,17,0,1,0,0,0,1,0,1,0,0
0,19,0,0,3,3,2,1,1,0,17,0,1,0,0,0,1,0,1,0,0
0,19,0,1,3,1,1,0,0,0,17,0,1,0,0,0,1,0,1,0,0
0,19,0,1,2,1,1,0,1,0,17,0,1,0,0,0,1,0,1,0,0
0,19,0,1,3,1,1,0,0,0,18,0,1,0,0,0,1,0,1,0,0
1,18,1,1,1,3,1,0,0,1,17,0,0,1,0,0,1,0,1,0,0
1,18,1,1,2,3,2,0,1,2,17,0,0,1,0,0,1,0,1,0,0
1,18,1,1,1,3,1,0,0,1,17,0,0,1,0,0,1,0,1,0,0
1,19,1,1,2,3,2,0,1,2,17,0,0,1,0,0,0,1,1,0,0
0,21,1,1,2,3,2,0,0,1,17,0,1,0,0,0,0,1,1,0,0
0,22,0,0,3,2,2,0,1,0,17,0,1,0,0,0,0,1,1,0,0
0,23,0,0,2,2,2,0,0,0,17,0,1,0,0,0,0,1,1,0,0
0,19,0,0,3,3,2,1,1,0,17,0,1,0,0,0,1,0,1,0,0
0,20,0,1,2,1,1,0,0,0,17,0,1,0,0,0,1,0,1,0,0
0,20,0,1,2,1,1,0,0,0,17,0,1,0,0,0,1,0,1,0,0
0,20,1,0,2,3,1,0,1,0,16,0,1,0,0,0,0,1,1,0,0
1,20,1,1,3,3,2,0,1,0,18,0,0,1,0,0,1,0,0,0,1
0,21,1,1,3,3,1,0,0,0,18,0,1,0,0,0,0,1,1,0,0
0,18,0,1,2,1,1,0,0,1,15,0,0,1,0,0,1,0,1,0,0
0,19,0,0,2,3,1,0,2,1,17,0,0,1,0,0,1,0,1,0,0
0,22,1,1,2,3,1,0,2,0,17,0,1,0,0,0,0,1,1,0,0
0,18,0,1,1,3,1,0,0,1,17,0,1,0,0,0,1,0,1,0,0
0,34,1,1,2,3,1,0,0,0,17,0,1,0,0,0,0,1,1,0,0
1,16,0,1,2,1,2,0,0,0,17,0,0,1,0,0,1,0,1,0,0
1,18,0,1,2,3,1,0,1,1,16,0,0,1,0,0,1,0,1,0,0
1,17,1,1,2,3,2,0,2,0,17,0,0,1,0,0,0,1,0,0,1
0,16,0,1,2,3,2,0,2,1,12,0,0,1,0,0,1,0,1,0,0
1,17,1,1,2,4,2,0,2,1,17,0,0,1,0,0,0,1,0,0,1
0,22,1,1,2,3,2,0,2,0,18,0,1,0,0,0,0,1,1,0,0
0,17,0,1,2,4,1,0,2,1,15,0,0,1,0,0,1,0,1,0,0
0,19,0,1,1,4,1,0,1,0,17,0,1,0,0,0,1,0,1,0,0
0,19,0,0,2,2,1,1,1,0,17,0,1,0,0,0,1,0,1,0,0
1,17,1,1,2,3,2,0,2,0,16,0,0,1,0,0,0,1,0,0,1
0,23,1,1,2,3,2,0,0,2,17,0,1,0,0,0,0,1,1,0,0
0,18,0,1,2,3,2,0,0,1,17,0,0,1,0,0,1,0,1,0,0
0,19,0,1,1,2,2,0,2,1,16,0,0,1,0,0,1,0,1,0,0
1,18,1,1,3,4,2,0,2,0,17,0,0,1,0,0,0,1,0,0,1
1,17,1,1,2,4,2,0,2,0,17,0,0,1,0,0,0,1,0,0,1
1,18,1,1,2,3,2,0,0,1,17,0,0,1,0,0,1,0,1,0,0
0,20,0,0,3,2,1,1,0,0,17,0,1,0,0,0,1,0,1,0,0
0,19,0,1,3,1,1,0,0,0,17,0,1,0,0,0,1,0,1,0,0
1,18,1,1,1,3,1,0,0,1,17,0,0,1,0,0,1,0,1,0,0
1,19,1,1,2,3,2,0,1,1,17,0,0,1,0,0,0,1,1,0,0
1,17,1,1,2,4,2,0,2,1,17,0,0,1,0,0,0,1,0,0,1
0,21,1,1,2,3,2,0,2,0,18,0,1,0,0,0,0,1,1,0,0
0,22,1,1,2,3,2,0,2,1,17,0,1,0,0,0,0,1,1,0,0
0,20,1,1,2,3,2,0,2,1,17,0,1,0,0,0,0,1,1,0,0
0,22,1,1,2,3,1,0,0,1,17,0,1,0,0,0,0,1,1,0,0
0,21,0,0,3,1,2,0,1,0,17,0,1,0,0,0,0,1,1,0,0
0,23,0,0,2,2,2,0,1,0,16,0,1,0,0,0,0,1,1,0,0
0,21,0,0,3,1,2,0,1,0,17,0,1,0,0,0,0,1,1,0,0
0,21,0,0,2,1,1,0,0,0,17,0,1,0,0,0,0,1,1,0,0
0,23,0,0,2,1,1,0,0,0,17,0,1,0,0,0,0,1,1,0,0
0,22,0,0,2,2,2,0,1,0,17,0,1,0,0,0,0,1,1,0,0
0,18,0,1,3,3,2,1,1,0,16,0,0,1,0,0,1,0,1,0,0
0,19,0,1,3,1,2,0,0,0,17,0,0,1,0,0,0,1,1,0,0
0,19,0,1,3,1,2,0,1,0,17,0,0,1,0,0,0,1,1,0,0
0,19,0,1,2,1,1,0,0,0,16,0,1,0,0,0,1,0,1,0,0
0,19,0,0,3,2,1,1,0,0,17,0,1,0,0,0,1,0,1,0,0
0,20,0,1,2,1,1,0,0,0,17,0,1,0,0,0,1,0,1,0,0
0,20,0,1,3,1,1,0,0,0,18,0,1,0,0,0,1,0,1,0,0
0,21,1,1,3,3,1,0,0,0,17,0,1,0,0,0,0,1,1,0,0
0,21,1,1,3,3,1,0,0,0,16,0,1,0,0,0,0,1,1,0,0
0,18,0,1,1,3,1,0,1,0,16,0,0,1,0,0,1,0,1,0,0
1,22,1,1,3,3,2,0,1,0,17,0,0,1,0,0,1,0,0,0,1
1,19,1,1,3,3,2,0,1,0,17,0,0,1,0,0,1,0,0,0,1
1,21,1,1,2,3,2,0,1,1,18,0,0,1,0,0,0,1,0,0,1
1,18,1,1,3,3,2,0,0,1,16,0,0,1,0,0,1,0,1,0,0
0,21,1,1,2,3,1,0,1,0,17,0,1,0,0,0,0,1,1,0,0
1,18,1,1,2,3,2,0,0,1,17,0,0,1,0,0,1,0,1,0,0
0,18,0,1,2,1,1,0,0,1,17,0,0,1,0,0,1,0,1,0,0
0,19,0,1,2,1,1,0,0,1,17,0,0,1,0,0,1,0,1,0,0
0,18,0,1,2,1,1,0,0,1,17,0,0,1,0,0,1,0,1,0,0
0,19,0,1,2,3,1,0,2,1,17,0,0,1,0,0,1,0,1,0,0
0,19,0,0,2,3,2,0,1,1,17,0,0,1,0,0,1,0,1,0,0
0,19,0,0,2,3,1,0,1,1,17,0,0,1,0,0,1,0,1,0,0
0,22,1,1,2,3,2,0,1,1,17,0,1,0,0,0,0,1,1,0,0
1,20,1,1,2,3,2,0,2,2,17,0,0,1,0,0,0,1,1,0,0
0,22,1,1,2,3,1,0,0,1,17,0,1,0,0,0,0,1,1,0,0
0,19,0,1,1,3,1,0,2,1,17,0,0,1,0,0,1,0,1,0,0
0,18,0,1,1,3,1,0,2,1,17,0,0,1,0,0,1,0,1,0,0
0,19,0,1,2,3,1,0,2,1,17,0,0,1,0,0,1,0,1,0,0
0,27,1,1,2,3,2,0,1,1,17,0,1,0,0,0,0,1,1,0,0
0,25,1,1,2,3,2,0,1,0,17,0,1,0,0,0,0,1,1,0,0
0,22,1,1,3,3,1,0,0,0,18,0,1,0,0,0,0,1,1,0,0
1,17,0,1,2,2,2,0,0,0,17,0,0,1,0,0,1,0,1,0,0
0,16,0,1,2,3,1,0,1,0,16,0,0,1,0,0,1,0,1,0,0
1,17,0,1,2,2,2,0,0,0,16,0,0,1,0,0,1,0,1,0,0
1,18,0,1,2,3,1,0,1,1,16,0,0,1,0,0,1,0,1,0,0
1,18,1,1,2,3,1,0,1,1,16,0,0,1,0,0,1,0,1,0,0
1,18,1,1,2,3,2,0,0,1,18,0,0,1,0,0,1,0,1,0,0
1,17,1,1,2,3,2,0,2,0,17,0,0,1,0,0,0,1,0,0,1
1,19,1,1,2,3,2,0,2,1,18,0,0,1,0,0,0,1,0,0,1
1,18,1,1,2,3,2,0,2,1,18,0,0,1,0,0,0,1,0,0,1
0,18,0,1,2,2,2,1,1,1,16,0,0,1,0,0,0,1,1,0,0
0,16,0,1,2,3,2,0,2,1,14,0,0,1,0,0,1,0,1,0,0
0,16,0,1,2,3,2,0,2,1,15,0,0,1,0,0,1,0,1,0,0
1,17,1,1,2,3,2,0,2,0,17,0,0,1,0,0,0,1,0,0,1
1,17,1,1,2,3,2,0,2,0,17,0,0,1,0,0,0,1,0,0,1
1,19,1,1,2,4,2,0,2,1,17,0,0,1,0,0,0,1,0,0,1
0,22,1,1,3,3,2,0,1,0,18,0,1,0,0,0,0,1,1,0,0
1,20,1,1,2,3,2,0,2,1,17,0,0,1,0,0,0,1,1,0,0
0,22,1,1,3,3,2,0,2,0,18,0,1,0,0,0,0,1,1,0,0
0,19,0,1,2,3,1,0,1,1,16,0,0,1,0,0,1,0,1,0,0
0,16,0,1,2,3,1,0,1,0,16,0,0,1,0,0,1,0,1,0,0
0,19,0,1,1,3,1,0,2,1,16,0,0,1,0,0,1,0,1,0,0
0,18,0,1,1,3,1,0,0,1,17,0,0,1,0,0,1,0,1,0,0
0,19,0,1,1,3,1,0,2,1,17,0,0,1,0,0,1,0,1,0,0
0,18,0,1,1,3,1,0,2,1,16,0,1,0,0,0,1,0,1,0,0
0,19,0,0,2,3,1,1,1,0,16,0,1,0,0,0,1,0,1,0,0
0,20,0,1,2,1,1,0,0,0,18,0,1,0,0,0,1,0,1,0,0
0,19,0,1,2,1,1,0,0,0,18,0,1,0,0,0,1,0,1,0,0
1,17,1,1,2,3,2,0,2,1,17,0,0,1,0,0,0,1,0,0,1
1,17,1,1,2,3,2,0,2,0,17,0,0,1,0,0,0,1,0,0,1
1,17,1,1,2,3,2,0,2,0,17,0,0,1,0,0,0,1,0,0,1
0,21,1,1,2,3,1,0,0,0,16,0,1,0,0,0,0,1,1,0,0
0,21,1,1,2,3,2,0,0,1,17,0,1,0,0,0,0,1,1,0,0
0,22,1,1,2,3,1,0,2,1,17,0,1,0,0,0,0,1,1,0,0
0,17,0,1,1,3,1,0,0,1,17,0,0,1,0,0,1,0,1,0,0
0,18,0,1,1,3,1,0,0,1,16,0,0,1,0,0,1,0,1,0,0
0,18,0,1,1,3,1,0,0,1,17,0,0,1,0,0,1,0,1,0,0
0,18,0,1,1,1,1,0,0,1,16,0,0,1,0,0,1,0,1,0,0
0,19,0,1,1,3,1,0,2,1,16,0,0,1,0,0,1,0,1,0,0
0,20,0,1,2,2,1,0,0,0,17,0,1,0,0,0,1,0,1,0,0
1,19,1,1,2,4,2,0,2,1,17,0,0,1,0,0,0,1,0,0,1
1,17,1,1,3,3,2,0,2,0,17,0,0,1,0,0,0,1,0,0,1
1,18,1,1,2,3,2,0,2,1,17,0,0,1,0,0,0,1,0,0,1
1,17,1,1,2,4,2,0,2,0,17,0,0,1,0,0,0,1,0,0,1
1,17,1,1,2,3,2,0,2,0,17,0,0,1,0,0,0,1,0,0,1
1,17,1,1,2,4,2,0,2,0,18,0,0,1,0,0,0,1,0,0,1
1,18,1,1,1,3,1,0,0,1,17,0,0,1,0,0,1,0,1,0,0
1,18,1,1,1,3,1,0,0,1,17,0,0,1,0,0,1,0,1,0,0
1,18,1,1,1,3,1,0,0,1,16,0,0,1,0,0,1,0,1,0,0
0,19,0,0,2,3,1,1,1,0,17,0,1,0,0,0,1,0,1,0,0
0,19,0,0,3,2,1,1,0,0,17,0,1,0,0,0,1,0,1,0,0
0,19,0,0,3,3,2,1,1,0,17,0,1,0,0,0,1,0,1,0,0
0,19,0,1,3,1,1,0,0,0,17,0,1,0,0,0,1,0,1,0,0
0,19,0,1,2,1,1,0,0,0,17,0,1,0,0,0,1,0,1,0,0
0,19,0,1,3,1,1,0,0,0,18,0,1,0,0,0,1,0,1,0,0
1,18,1,1,1,3,1,0,0,1,17,0,0,1,0,0,1,0,1,0,0
1,18,1,1,2,3,2,0,1,2,18,0,0,1,0,0,1,0,1,0,0
1,18,1,1,1,3,1,0,0,1,16,0,0,1,0,0,1,0,1,0,0
1,26,0,1,2,1,2,0,2,0,26,0,0,1,0,0,0,1,0,0,1
1,21,0,1,2,1,2,0,0,0,26,0,0,0,1,0,1,0,1,0,0
1,25,0,1,1,3,2,0,0,1,26,0,0,1,0,0,0,1,0,0,1
1,21,1,1,2,3,1,0,0,0,26,0,0,1,0,0,1,0,1,0,0
1,21,0,1,1,3,2,0,0,0,26,0,0,0,1,0,1,0,1,0,0
1,19,1,1,2,3,1,0,0,0,25,0,0,1,0,0,1,0,1,0,0
0,41,0,1,2,3,2,0,3,0,27,0,0,1,0,0,1,0,0,0,1
1,21,1,1,2,3,1,0,1,1,25,0,0,1,0,0,1,0,1,0,0
1,21,1,1,2,3,1,0,0,0,26,0,0,1,0,0,1,0,1,0,0
0,18,1,1,2,1,2,0,2,0,26,0,0,1,0,1,0,0,1,0,0
1,23,1,1,2,3,2,0,0,1,26,0,0,1,0,0,1,0,1,0,0
0,33,1,0,3,1,1,0,0,0,27,0,0,1,0,0,1,0,0,0,1
0,21,1,1,1,3,2,0,0,1,26,0,0,1,0,0,1,0,1,0,0
1,21,0,1,2,1,3,0,1,0,26,0,0,0,1,0,1,0,1,0,0
0,35,0,1,2,2,1,0,0,0,26,0,0,1,0,0,1,0,0,0,1
0,36,1,1,2,3,2,0,0,0,25,0,0,1,0,0,1,0,0,0,1
0,21,1,1,2,1,2,0,2,0,26,0,0,1,0,0,1,0,1,0,0
1,22,0,1,2,1,2,0,0,0,26,0,0,0,1,0,1,0,1,0,0
0,30,1,1,2,3,1,0,0,0,25,0,0,1,0,0,1,0,0,0,1
1,21,1,1,3,1,2,0,2,0,25,0,0,1,0,0,1,0,0,0,1
1,19,1,1,2,3,2,0,2,0,25,0,0,1,0,0,1,0,1,0,0
1,19,1,1,3,3,2,0,1,0,25,0,0,1,0,0,1,0,1,0,0
1,21,1,1,2,3,2,0,2,0,25,0,0,1,0,0,1,0,1,0,0
1,21,1,1,2,3,3,0,1,0,26,0,0,0,1,0,1,0,1,0,0
0,22,1,1,2,3,2,0,0,2,25,0,1,0,0,0,1,0,1,0,0
1,20,1,1,2,3,3,0,2,0,26,0,0,1,0,0,1,0,1,0,0
0,21,1,1,2,3,2,0,1,0,25,0,0,1,0,0,1,0,1,0,0
0,21,1,1,2,1,1,0,1,0,25,0,0,1,0,0,1,0,1,0,0
1,18,1,1,1,3,2,0,2,0,25,0,0,1,0,0,0,1,1,0,0
1,21,1,1,2,3,1,0,1,0,25,0,0,1,0,0,1,0,1,0,0
0,29,1,1,2,3,1,0,1,0,25,0,0,1,0,0,1,0,0,0,1
1,26,1,1,1,3,2,0,0,0,26,0,0,1,0,0,1,0,1,0,0
1,22,1,1,2,3,3,0,1,1,25,0,0,1,0,0,1,0,1,0,0
1,19,1,1,2,3,2,0,1,0,26,0,0,1,0,0,1,0,1,0,0
0,24,0,1,2,3,1,0,0,0,25,0,0,1,0,0,1,0,1,0,0
0,32,1,1,2,3,1,0,0,1,24,0,0,1,0,0,1,0,0,0,1
1,23,1,1,3,3,1,0,0,1,25,0,0,1,0,0,1,0,1,0,0
0,16,0,1,1,1,2,1,0,1,22,0,0,1,0,0,1,0,1,0,0
0,16,1,1,2,1,2,1,0,1,25,0,0,1,0,0,1,0,1,0,0
0,23,0,1,2,2,2,0,1,1,24,0,0,1,0,0,1,0,1,0,0
0,35,1,0,3,2,1,0,0,0,26,0,0,1,0,0,1,0,0,0,1
1,23,1,1,2,2,1,0,0,1,25,0,0,1,0,0,1,0,0,0,1
0,37,1,1,2,3,2,0,2,0,24,0,0,1,0,0,1,0,0,0,1
1,19,0,1,2,1,2,0,1,1,26,0,0,1,0,0,1,0,1,0,0
0,16,1,1,1,1,2,1,0,1,25,0,0,1,0,0,0,1,1,0,0
0,18,1,1,2,1,2,0,0,0,26,0,0,1,0,0,0,1,1,0,0
0,18,0,1,2,2,1,1,0,0,25,0,0,1,0,0,1,0,1,0,0
0,17,1,1,3,2,2,1,0,1,25,0,0,1,0,0,1,0,1,0,0
1,29,0,1,3,3,1,0,2,0,26,0,0,1,0,0,0,1,0,0,1
0,31,1,1,2,3,1,0,0,1,26,0,0,1,0,0,1,0,0,0,1
1,18,1,1,2,2,2,0,0,0,26,0,0,1,0,0,0,1,1,0,0
1,19,1,1,2,4,2,0,2,0,25,0,0,1,0,0,1,0,1,0,0
0,19,1,1,2,1,3,0,1,1,25,0,0,1,0,1,0,0,1,0,0
0,18,1,1,2,1,1,0,0,1,25,0,0,1,0,0,0,1,1,0,0
0,18,1,1,2,3,2,0,1,1,25,0,0,1,0,1,0,0,1,0,0
0,19,0,1,2,3,1,1,0,0,28,0,0,1,0,0,1,0,1,0,0
1,28,0,1,3,3,1,0,2,0,26,0,0,1,0,0,0,1,0,0,1
1,26,0,1,2,2,2,0,2,0,26,0,0,1,0,0,0,1,0,0,1
1,21,0,1,2,1,2,0,0,0,26,0,0,0,1,0,1,0,1,0,0
1,22,0,1,2,1,2,0,0,0,26,0,0,0,1,0,1,0,1,0,0
1,26,0,1,1,3,2,0,0,1,25,0,0,1,0,0,0,1,0,0,1
1,21,1,1,2,3,1,0,0,0,26,0,0,1,0,0,1,0,1,0,0
0,21,1,1,1,3,2,0,0,0,26,0,0,0,1,0,1,0,1,0,0
0,21,1,1,1,3,2,0,0,1,26,0,0,0,1,0,1,0,1,0,0
1,19,1,1,2,3,2,0,0,0,26,0,0,1,0,0,1,0,1,0,0
1,19,1,1,2,3,2,0,0,0,26,0,0,1,0,0,1,0,1,0,0
0,42,1,1,3,2,2,0,0,0,24,0,0,1,0,0,1,0,0,0,1
1,22,1,1,2,2,1,0,0,1,25,0,0,1,0,0,1,0,1,0,0
1,21,1,1,2,3,1,0,0,0,25,0,0,1,0,0,1,0,1,0,0
1,23,1,1,2,3,2,0,0,1,26,0,0,1,0,0,1,0,1,0,0
1,22,1,1,2,3,2,0,0,2,25,0,0,1,0,0,1,0,1,0,0
1,18,1,1,2,2,2,0,1,0,26,0,0,1,0,1,0,0,1,0,0
1,23,1,1,2,3,1,0,0,0,25,0,0,1,0,0,1,0,1,0,0
0,32,1,1,2,1,1,0,0,0,26,0,0,1,0,0,1,0,0,0,1
0,32,1,1,2,1,1,0,0,0,26,0,0,1,0,0,1,0,0,0,1
0,21,1,1,1,3,2,0,1,1,26,0,0,1,0,0,1,0,1,0,0
0,21,1,1,1,3,2,0,1,1,26,0,0,1,0,0,1,0,1,0,0
0,37,1,1,2,1,2,0,0,0,27,0,0,1,0,0,1,0,0,0,1
0,40,1,1,2,3,2,0,0,0,25,0,0,1,0,0,1,0,0,0,1
0,38,1,1,2,3,2,0,2,0,26,0,0,1,0,0,1,0,0,0,1
0,21,1,1,2,1,2,0,2,0,26,0,0,1,0,0,1,0,1,0,0
0,21,1,1,2,1,2,0,2,0,25,0,0,1,0,0,1,0,1,0,0
0,29,1,1,2,3,1,0,1,0,25,0,0,1,0,0,1,0,0,0,1
0,31,1,1,2,3,1,0,0,0,25,0,0,1,0,0,1,0,0,0,1
1,22,1,1,3,1,2,0,2,0,25,0,0,1,0,0,1,0,1,0,0
1,26,1,1,2,1,2,0,2,0,26,0,0,1,0,0,1,0,1,0,0
1,19,1,1,3,3,2,0,1,0,25,0,0,1,0,0,1,0,1,0,0
1,19,1,1,2,3,2,0,2,0,26,0,0,1,0,0,1,0,1,0,0
1,19,1,1,2,3,2,0,1,1,26,0,0,1,0,0,1,0,1,0,0
1,19,1,1,2,3,2,0,2,0,25,0,0,1,0,0,1,0,1,0,0
1,21,1,1,2,3,2,0,1,0,25,0,0,1,0,0,1,0,1,0,0
0,21,1,1,1,3,2,0,0,0,26,0,0,0,1,0,1,0,1,0,0
0,21,1,1,1,3,2,0,0,0,26,0,0,0,1,0,1,0,1,0,0
0,21,1,1,2,2,1,0,0,1,25,0,0,1,0,0,1,0,1,0,0
0,21,1,1,2,2,1,0,1,0,25,0,0,1,0,0,1,0,1,0,0
1,19,1,1,2,4,2,0,2,0,25,0,0,1,0,0,1,0,1,0,0
1,21,1,1,2,3,2,0,1,0,25,0,0,1,0,0,1,0,1,0,0
1,21,1,1,2,3,2,0,1,0,25,0,0,1,0,0,1,0,1,0,0
0,21,1,1,3,1,2,0,2,0,25,0,0,1,0,0,1,0,1,0,0
0,21,1,1,3,1,2,0,2,0,25,0,0,1,0,0,1,0,1,0,0
0,19,1,1,1,1,2,0,3,0,25,0,0,1,0,0,0,1,1,0,0
1,21,1,1,2,3,1,0,1,0,25,0,0,1,0,0,1,0,1,0,0
1,21,1,1,2,3,1,0,1,0,26,0,0,1,0,0,1,0,1,0,0
0,27,1,1,2,3,2,0,1,0,25,0,0,1,0,0,1,0,0,0,1
1,28,1,1,1,3,2,0,0,0,26,0,0,1,0,0,1,0,1,0,0
1,26,1,1,1,3,2,0,1,0,26,0,0,1,0,0,1,0,1,0,0
1,23,1,1,2,3,2,0,0,2,26,0,0,1,0,0,1,0,1,0,0
1,20,1,1,2,3,3,0,2,0,25,0,0,1,0,0,1,0,1,0,0
0,21,0,1,2,3,1,0,0,0,26,0,0,1,0,0,1,0,1,0,0
0,30,1,1,2,3,1,0,0,0,26,0,0,1,0,0,1,0,0,0,1
0,30,1,1,2,3,1,0,0,0,25,0,0,1,0,0,1,0,0,0,1
1,23,1,1,2,3,1,0,0,0,25,0,0,1,0,0,1,0,1,0,0
0,18,0,1,2,3,1,1,0,1,26,0,0,1,0,0,1,0,1,0,0
0,18,0,1,2,3,1,1,0,0,24,0,0,1,0,0,1,0,1,0,0
0,16,1,1,2,1,2,1,0,1,25,0,0,1,0,0,0,1,1,0,0
0,21,0,1,2,1,1,0,1,0,26,0,0,1,0,0,1,0,1,0,0
0,27,0,1,2,1,1,0,0,0,26,0,0,1,0,0,1,0,1,0,0
0,35,1,0,3,2,1,0,0,0,27,0,0,1,0,0,1,0,0,0,1
1,23,1,1,2,2,1,0,1,1,25,0,0,1,0,0,1,0,0,0,1
1,23,1,1,2,1,1,0,1,1,25,0,0,1,0,0,1,0,0,0,1
0,40,1,1,2,3,2,0,1,0,25,0,0,1,0,0,1,0,0,0,1
0,16,1,1,2,1,2,0,0,1,25,0,0,1,0,0,0,1,1,0,0
0,16,1,1,1,1,1,1,0,0,24,0,0,1,0,0,0,1,1,0,0
0,16,1,1,1,1,2,1,0,0,25,0,0,1,0,0,0,1,1,0,0
0,18,1,1,2,1,1,0,0,1,25,0,0,1,0,0,0,1,1,0,0
0,18,1,1,2,2,2,0,0,0,26,0,0,1,0,0,0,1,1,0,0
0,19,0,1,2,3,1,1,0,0,26,0,0,1,0,0,1,0,1,0,0
0,18,0,1,2,2,1,1,0,1,26,0,0,1,0,0,1,0,1,0,0
0,17,1,1,3,2,2,1,0,0,25,0,0,1,0,0,1,0,1,0,0
1,33,0,1,2,2,1,0,2,0,25,0,0,1,0,0,0,1,0,0,1
0,33,1,1,2,2,1,0,0,0,25,0,0,1,0,0,1,0,0,0,1
0,18,1,1,2,1,2,0,2,0,25,0,0,1,0,0,0,1,1,0,0
0,18,1,1,2,1,2,0,2,0,25,0,0,1,0,0,0,1,1,0,0
1,19,1,1,2,3,2,0,1,0,26,0,0,1,0,0,1,0,1,0,0
1,19,1,1,2,3,2,0,2,0,26,0,0,1,0,0,1,0,1,0,0
0,20,1,1,2,3,2,0,0,2,25,0,0,1,0,1,0,0,1,0,0
0,18,1,1,2,2,2,0,1,1,25,0,0,1,0,1,0,0,1,0,0
0,18,1,1,2,1,2,0,0,1,26,0,0,1,0,0,0,1,1,0,0
0,20,1,1,2,3,1,0,1,0,25,0,0,1,0,0,1,0,1,0,0
0,17,0,1,1,2,1,1,0,1,24,0,0,1,0,0,1,0,1,0,0
1,25,0,1,2,1,1,0,1,0,26,0,0,1,0,0,0,1,0,0,1
1,26,0,1,2,2,1,0,2,0,26,0,0,1,0,0,0,1,0,0,1
1,21,0,1,2,1,2,0,0,0,26,0,0,0,1,0,1,0,1,0,0
1,21,0,1,2,1,2,0,0,0,26,0,0,0,1,0,1,0,1,0,0
1,26,1,1,2,3,2,0,0,0,26,0,0,1,0,0,1,0,0,0,1
1,21,1,1,2,3,1,0,0,0,26,0,0,1,0,0,1,0,1,0,0
1,21,1,1,2,3,1,0,0,0,26,0,0,1,0,0,1,0,1,0,0
0,21,1,1,1,3,2,0,0,0,26,0,0,0,1,0,1,0,1,0,0
1,19,1,1,2,3,1,0,1,0,25,0,0,1,0,0,1,0,1,0,0
0,38,0,1,2,3,1,0,2,0,28,0,0,1,0,0,1,0,0,0,1
0,39,0,1,2,3,1,0,0,1,26,0,0,1,0,0,1,0,0,0,1
1,20,1,1,2,3,1,0,1,0,26,0,0,1,0,0,1,0,1,0,0
1,20,1,1,2,3,2,0,1,0,24,0,0,1,0,0,1,0,1,0,0
1,21,1,1,2,3,1,0,0,0,25,0,0,1,0,0,1,0,1,0,0
0,18,1,1,2,1,2,0,2,0,26,0,0,1,0,0,0,1,1,0,0
1,23,1,1,2,3,2,0,0,1,25,0,0,1,0,0,1,0,1,0,0
1,23,1,1,2,3,2,0,0,1,26,0,0,1,0,0,1,0,1,0,0
0,33,1,1,3,1,1,0,0,0,26,0,0,1,0,0,1,0,0,0,1
0,21,1,1,1,3,2,0,0,0,26,0,0,1,0,0,1,0,1,0,0
0,21,1,1,1,3,2,0,0,1,26,0,0,1,0,0,1,0,1,0,0
1,21,0,1,1,2,2,0,0,0,26,0,0,0,1,0,1,0,1,0,0
1,21,0,1,2,1,3,0,1,0,26,0,0,0,1,0,1,0,1,0,0
0,38,1,1,2,2,2,0,0,0,26,0,0,1,0,0,1,0,0,0,1
0,38,1,1,2,3,2,0,0,0,25,0,0,1,0,0,1,0,0,0,1
0,36,1,1,2,2,2,0,0,0,26,0,0,1,0,0,1,0,0,0,1
0,21,1,1,2,1,2,0,1,0,26,0,0,1,0,0,1,0,1,0,0
0,21,1,1,2,1,2,0,2,0,26,0,0,1,0,0,1,0,1,0,0
1,22,0,1,2,1,2,0,0,0,26,0,0,0,1,0,1,0,1,0,0
0,29,1,1,2,3,1,0,0,0,25,0,0,1,0,0,1,0,0,0,1
0,31,1,1,2,3,1,0,0,0,25,0,0,1,0,0,1,0,0,0,1
0,20,1,1,2,1,2,0,2,0,25,0,0,1,0,0,1,0,1,0,0
1,19,1,1,2,3,2,0,2,0,25,0,0,1,0,0,1,0,1,0,0
1,19,1,1,2,3,2,0,2,0,25,0,0,1,0,0,1,0,1,0,0
1,21,1,1,2,3,2,0,1,0,26,0,0,1,0,0,1,0,1,0,0
0,21,1,1,2,3,3,0,1,0,26,0,0,0,1,0,1,0,1,0,0
0,21,1,1,1,3,2,0,1,0,26,0,0,0,1,0,1,0,1,0,0
1,22,1,1,2,3,2,0,0,2,25,0,0,1,0,0,1,0,1,0,0
1,22,1,1,2,3,2,0,0,1,25,0,0,1,0,0,1,0,1,0,0
1,19,1,1,2,3,2,0,2,0,26,0,0,1,0,0,1,0,1,0,0
0,21,1,1,1,3,2,0,1,0,25,0,0,1,0,0,1,0,1,0,0
0,21,1,1,2,3,2,0,2,0,25,0,0,1,0,0,1,0,1,0,0
0,21,1,1,2,2,1,0,0,1,25,0,0,1,0,0,1,0,1,0,0
0,21,1,1,2,1,1,0,1,0,25,0,0,1,0,0,1,0,1,0,0
1,18,1,1,1,2,2,0,2,0,25,0,0,1,0,0,0,1,1,0,0
1,21,1,1,2,3,1,0,1,0,25,0,0,1,0,0,1,0,1,0,0
1,21,1,1,2,3,1,0,1,0,26,0,0,1,0,0,1,0,1,0,0
0,29,1,1,2,3,1,0,1,0,25,0,0,1,0,0,1,0,0,0,1
1,24,1,1,1,3,2,0,1,0,26,0,0,1,0,0,0,1,1,0,0
1,26,1,1,1,3,2,0,0,0,26,0,0,1,0,0,0,1,1,0,0
1,23,1,1,2,3,2,0,1,1,25,0,0,1,0,0,1,0,1,0,0
1,19,1,1,2,3,2,0,1,0,25,0,0,1,0,0,1,0,1,0,0
0,22,0,1,2,3,1,0,0,0,25,0,0,1,0,0,1,0,1,0,0
0,31,1,1,2,3,1,0,0,1,26,0,0,1,0,0,1,0,0,0,1
1,23,1,1,3,3,2,0,0,1,25,0,0,1,0,0,1,0,1,0,0
1,22,1,1,2,3,1,0,0,1,25,0,0,1,0,0,1,0,1,0,0
0,17,0,1,1,1,2,1,0,1,24,0,0,1,0,0,1,0,1,0,0
0,17,0,1,1,2,1,1,0,1,24,0,0,1,0,0,1,0,1,0,0
0,16,1,1,2,1,1,1,0,1,24,0,0,1,0,0,0,1,1,0,0
0,23,0,1,2,2,2,0,1,1,25,0,0,1,0,0,1,0,1,0,0
0,34,1,1,3,2,1,0,0,0,26,0,0,1,0,0,1,0,0,0,1
1,22,1,1,2,2,1,0,0,1,25,0,0,1,0,0,1,0,0,0,1
0,39,1,1,2,3,2,0,0,0,25,0,0,1,0,0,1,0,0,0,1
1,19,0,1,2,1,2,0,1,1,26,0,0,0,1,0,1,0,1,0,0
0,16,1,1,2,1,2,1,0,1,25,0,0,1,0,0,0,1,1,0,0
0,17,1,1,1,1,1,1,0,1,25,0,0,1,0,0,0,1,1,0,0
1,19,1,1,2,1,2,0,0,0,26,0,0,1,0,0,0,1,1,0,0
0,19,0,1,2,2,1,1,0,0,25,0,0,1,0,0,1,0,1,0,0
0,19,0,1,2,2,1,1,0,0,26,0,0,1,0,0,1,0,1,0,0
0,17,1,1,3,2,2,1,0,1,25,0,0,1,0,0,1,0,1,0,0
0,17,1,1,2,2,2,1,0,1,25,0,0,1,0,0,1,0,1,0,0
1,29,0,1,1,3,1,0,1,0,27,0,0,1,0,0,0,1,0,0,1
0,32,1,1,2,2,1,0,0,0,27,0,0,1,0,0,1,0,0,0,1
0,31,1,1,2,2,1,0,0,0,27,0,0,1,0,0,1,0,0,0,1
1,18,1,1,2,2,2,0,0,0,26,0,0,1,0,1,0,0,1,0,0
1,19,1,1,2,3,2,0,2,0,26,0,0,1,0,0,1,0,1,0,0
1,19,1,1,2,3,2,0,2,0,26,0,0,1,0,0,1,0,1,0,0
0,19,1,1,2,1,3,0,1,1,25,0,0,1,0,0,0,1,1,0,0
0,18,1,1,2,1,1,0,0,1,25,0,0,1,0,0,0,1,1,0,0
0,18,1,1,2,3,2,0,1,1,25,0,0,1,0,1,0,0,1,0,0
0,18,1,1,2,3,2,0,1,0,25,0,0,1,0,1,0,0,1,0,0
0,19,0,1,2,2,1,1,0,0,27,0,0,1,0,0,1,0,1,0,0
1,21,1,1,2,1,2,0,0,0,28,0,0,1,0,0,1,0,1,0,0
1,21,1,1,2,2,2,0,0,0,28,0,0,1,0,0,1,0,1,0,0
1,20,1,1,2,3,2,0,1,1,28,0,0,1,0,0,0,1,1,0,0
1,21,1,1,2,2,2,0,2,1,27,0,0,1,0,0,0,1,1,0,0
1,32,1,1,2,2,2,0,1,0,27,0,0,1,0,0,1,0,0,1,0
1,31,1,1,2,3,1,0,0,0,27,0,0,1,0,0,1,0,0,0,1
1,29,1,1,2,3,1,0,0,0,28,0,0,1,0,0,1,0,0,0,1
1,21,1,1,2,3,2,0,2,1,27,0,0,1,0,0,0,1,1,0,0
1,22,1,1,2,3,2,0,0,2,29,0,0,1,0,0,0,1,1,0,0
0,28,1,0,2,2,1,0,1,1,26,0,0,1,0,0,1,0,1,0,0
1,38,1,1,2,1,2,0,0,0,27,0,0,1,0,0,1,0,0,0,1
1,35,1,1,2,2,1,0,0,0,27,0,0,1,0,0,1,0,0,0,1
0,20,1,0,2,3,2,0,2,1,28,0,0,1,0,0,0,1,1,0,0
0,22,1,0,2,2,1,0,0,0,27,0,0,1,0,0,0,1,1,0,0
1,19,1,1,2,3,2,0,2,0,28,0,0,1,0,0,1,0,1,0,0
0,20,1,0,2,3,1,0,1,1,28,0,0,1,0,0,0,1,1,0,0
0,20,1,0,2,3,1,0,0,1,27,0,0,1,0,0,0,1,1,0,0
1,22,1,1,1,1,2,0,0,1,28,0,0,1,0,0,1,0,1,0,0
1,22,1,1,1,1,2,0,0,0,27,0,0,1,0,0,1,0,1,0,0
0,22,1,1,2,3,2,0,0,1,27,0,0,1,0,0,0,1,1,0,0
0,23,1,1,2,2,1,0,0,1,28,0,0,1,0,0,0,1,1,0,0
1,24,1,1,2,3,2,0,0,1,29,0,0,1,0,0,1,0,1,0,0
1,23,1,1,2,2,1,0,0,1,28,0,0,1,0,0,1,0,1,0,0
0,25,1,1,2,3,3,0,0,0,27,0,0,1,0,0,1,0,1,0,0
1,31,1,1,2,3,1,0,0,0,27,0,0,1,0,0,1,0,1,0,0
1,24,1,1,2,3,2,0,0,0,27,0,0,1,0,0,1,0,1,0,0
0,28,1,1,3,3,1,0,1,1,26,0,0,1,0,1,0,0,0,0,1
1,17,1,0,2,2,1,0,1,0,28,0,0,1,0,0,0,1,1,0,0
0,19,1,1,2,2,3,0,0,0,28,0,0,1,0,0,1,0,1,0,0
1,25,1,1,1,2,2,0,1,1,28,0,0,1,0,0,1,0,1,0,0
1,22,1,1,1,1,2,0,0,1,28,0,0,1,0,0,1,0,1,0,0
1,23,1,1,2,3,2,0,0,0,28,0,0,1,0,0,1,0,1,0,0
1,23,1,1,2,3,1,0,0,1,28,0,0,1,0,0,1,0,1,0,0
0,25,1,1,2,3,2,0,0,1,27,0,0,1,0,1,0,0,1,0,0
1,34,1,1,2,1,2,0,0,0,29,0,0,1,0,0,0,1,0,0,1
0,26,1,1,2,2,2,0,0,0,28,0,0,1,0,1,0,0,1,0,0
1,55,0,1,2,3,2,0,1,0,25,0,0,1,0,0,0,1,0,0,1
1,34,1,1,2,3,2,0,1,0,27,0,0,1,0,0,0,1,0,0,1
1,21,1,1,2,3,2,0,0,2,29,0,0,1,0,0,0,1,1,0,0
1,18,1,1,2,2,1,0,1,0,29,0,0,1,0,0,0,1,1,0,0
0,42,1,1,2,3,1,0,0,1,29,0,0,1,0,0,0,1,0,0,1
1,22,1,1,2,2,2,0,2,1,28,0,0,1,0,0,1,0,1,0,0
0,28,1,0,2,1,1,0,0,0,27,0,0,1,0,0,0,1,1,0,0
0,25,1,0,2,1,1,0,0,0,26,0,0,1,0,0,0,1,1,0,0
0,21,1,0,2,1,2,0,0,0,28,0,0,1,0,0,0,1,1,0,0
0,23,1,0,2,3,2,0,0,0,28,0,0,1,0,0,0,1,1,0,0
1,23,1,1,2,2,1,0,0,1,28,0,0,1,0,0,1,0,1,0,0
1,23,1,1,2,1,1,0,0,1,27,0,0,1,0,0,1,0,1,0,0
0,38,1,1,3,3,2,0,0,0,27,0,0,1,0,0,0,1,0,0,1
0,37,1,1,2,3,1,0,0,1,29,0,0,1,0,0,0,1,0,0,1
0,33,1,1,3,2,1,0,1,0,27,0,0,1,0,0,0,1,0,0,1
0,34,1,1,2,1,1,0,0,0,28,0,0,1,0,0,0,1,0,0,1
1,31,1,1,2,2,2,0,1,0,28,0,0,1,0,0,1,0,0,0,1
1,34,1,1,2,1,3,0,1,0,28,0,0,1,0,0,1,0,0,0,1
0,18,1,0,3,3,2,0,1,1,29,0,0,1,0,0,1,0,1,0,0
0,18,1,0,3,3,2,0,1,1,27,0,0,1,0,0,1,0,1,0,0
1,19,1,0,1,2,2,0,0,0,27,0,0,1,0,0,0,1,1,0,0
1,50,1,1,2,3,1,0,0,0,26,0,0,1,0,0,0,1,0,0,1
1,17,1,1,2,3,2,0,1,0,28,0,0,1,0,0,1,0,1,0,0
1,18,1,1,2,3,2,0,1,0,27,0,0,1,0,0,1,0,1,0,0
1,18,1,1,2,1,1,0,1,0,27,0,0,1,0,0,1,0,1,0,0
0,34,1,1,3,1,2,0,0,0,27,0,0,1,0,0,0,1,0,0,1
1,17,1,1,2,3,3,0,1,0,29,0,0,1,0,0,1,0,1,0,0
1,33,1,1,2,2,2,0,2,0,28,0,0,1,0,0,0,1,0,0,1
1,33,1,1,2,2,2,0,2,0,28,0,0,1,0,0,0,1,0,0,1
0,36,1,1,2,1,2,0,1,0,28,0,0,1,0,0,0,1,0,0,1
0,20,1,0,2,1,2,0,2,0,28,0,0,1,0,0,1,0,1,0,0
0,18,1,0,3,3,2,0,1,1,30,0,0,1,0,0,1,0,1,0,0
1,34,1,1,2,2,2,0,1,0,27,0,0,1,0,0,1,0,0,0,1
1,23,1,1,2,2,2,0,2,0,28,0,0,1,0,0,1,0,1,0,0
1,19,1,0,1,3,2,0,1,1,27,0,0,1,0,0,1,0,1,0,0
1,19,1,0,1,3,2,0,1,1,26,0,0,1,0,0,1,0,1,0,0
1,29,1,1,2,2,1,0,1,1,27,0,0,1,0,0,1,0,1,0,0
1,27,1,1,2,1,1,0,1,0,28,0,0,1,0,0,1,0,1,0,0
1,21,1,1,2,2,2,0,2,0,27,0,0,1,0,0,1,0,1,0,0
1,33,1,1,2,3,2,0,1,0,28,0,0,1,0,0,0,1,0,0,1
1,18,1,0,3,3,2,0,1,0,28,0,0,1,0,0,1,0,1,0,0
1,30,1,1,2,1,1,0,0,0,27,0,0,1,0,0,1,0,1,0,0
1,33,1,1,2,3,1,0,1,0,28,0,0,1,0,0,1,0,1,0,0
1,24,1,1,1,2,2,0,0,0,27,0,0,1,0,0,1,0,1,0,0
1,24,1,1,2,2,2,0,0,0,29,0,0,1,0,0,1,0,1,0,0
0,19,1,0,2,3,1,0,0,1,29,0,0,1,0,0,0,1,1,0,0
0,34,1,1,2,3,2,0,0,1,28,0,0,1,0,0,0,1,0,0,1
0,34,1,1,2,1,1,0,0,0,27,0,0,1,0,0,0,1,0,0,1
1,23,1,1,2,2,1,0,1,0,27,0,0,1,0,0,1,0,1,0,0
0,43,1,1,2,2,1,0,0,0,28,0,0,1,0,0,0,1,0,0,1
0,45,1,1,2,3,1,0,0,0,28,0,0,1,0,0,0,1,0,0,1
1,22,1,1,1,1,2,0,0,0,28,0,0,1,0,0,1,0,1,0,0
1,21,1,1,2,3,2,0,2,1,27,0,0,1,0,0,0,1,1,0,0
1,31,1,1,2,1,2,0,1,0,27,0,0,1,0,0,1,0,1,0,0
1,31,1,1,2,3,1,0,0,0,28,0,0,1,0,0,0,1,0,0,1
1,21,1,1,2,3,2,0,2,1,29,0,0,1,0,0,0,1,1,0,0
0,30,1,0,2,2,1,0,0,0,27,0,0,1,0,0,0,1,1,0,0
1,34,1,1,2,1,2,0,0,0,27,0,0,1,0,0,1,0,0,0,1
0,20,1,0,2,3,1,0,0,1,28,0,0,1,0,0,0,1,1,0,0
1,19,1,1,2,3,2,0,3,0,28,0,0,1,0,0,1,0,1,0,0
0,20,1,0,2,3,1,0,1,1,27,0,0,1,0,0,0,1,1,0,0
1,22,1,1,1,1,2,0,0,0,27,0,0,1,0,0,1,0,1,0,0
0,23,1,1,2,2,1,0,0,1,28,0,0,1,0,0,0,1,1,0,0
1,24,1,1,2,2,2,0,0,0,29,0,0,1,0,0,1,0,1,0,0
0,23,1,1,2,3,2,0,0,0,28,0,0,1,0,0,0,1,1,0,0
1,29,1,1,2,1,2,0,0,0,28,0,0,1,0,0,1,0,1,0,0
1,24,1,1,2,3,2,0,0,0,27,0,0,1,0,0,1,0,1,0,0
0,28,1,1,3,3,1,0,1,1,26,0,0,1,0,1,0,0,0,0,1
1,17,1,0,2,2,1,0,1,0,28,0,0,1,0,0,1,0,1,0,0
0,19,1,0,2,3,2,0,1,1,29,0,0,1,0,0,1,0,1,0,0
1,24,1,1,1,2,2,0,0,1,27,0,0,1,0,0,1,0,1,0,0
1,23,1,1,2,3,1,0,0,1,28,0,0,1,0,0,1,0,1,0,0
0,28,1,1,3,3,2,0,1,1,26,0,0,1,0,1,0,0,0,0,1
1,34,1,1,2,3,2,0,1,0,28,0,0,1,0,0,0,1,0,0,1
0,28,1,1,2,1,1,0,0,0,28,0,0,1,0,1,0,0,0,0,1
1,55,1,1,2,3,2,0,1,0,29,0,0,1,0,0,0,1,0,0,1
1,34,1,1,2,3,3,0,2,0,28,0,0,1,0,0,0,1,0,0,1
1,20,1,1,2,2,2,0,1,1,28,0,0,1,0,0,0,1,1,0,0
0,38,1,1,2,3,1,0,0,0,27,0,0,1,0,0,0,1,0,0,1
1,22,1,1,2,1,1,0,1,1,27,0,0,1,0,0,1,0,1,0,0
0,21,1,0,2,1,1,0,0,0,27,0,0,1,0,0,0,1,1,0,0
0,25,1,0,2,1,1,0,0,0,28,0,0,1,0,0,0,1,1,0,0
1,23,1,1,2,1,1,0,0,1,27,0,0,1,0,0,1,0,1,0,0
0,39,1,1,3,3,2,0,0,0,27,0,0,1,0,0,0,1,0,0,1
0,34,1,1,2,1,1,0,0,0,27,0,0,1,0,0,0,1,0,0,1
1,33,1,1,2,1,3,0,1,0,28,0,0,1,0,0,1,0,0,0,1
0,19,1,0,2,2,2,0,0,0,27,0,0,1,0,0,1,0,1,0,0
1,19,1,0,1,2,2,0,0,0,26,0,0,1,0,0,1,0,1,0,0
1,46,1,1,2,3,1,0,0,0,30,0,0,1,0,0,0,1,0,0,1
1,17,1,0,2,2,2,0,1,0,28,0,0,1,0,0,1,0,1,0,0
1,18,1,0,2,2,1,0,0,0,27,0,0,1,0,0,0,1,1,0,0
0,38,1,1,3,3,2,0,0,0,27,0,0,1,0,0,0,1,0,0,1
1,22,1,1,1,2,2,0,1,1,29,0,0,1,0,0,1,0,1,0,0
1,33,1,1,2,1,2,0,2,0,28,0,0,1,0,0,0,1,0,0,1
0,37,1,1,2,2,1,0,0,0,29,0,0,1,0,0,0,1,0,0,1
0,19,1,0,3,3,2,0,2,1,29,0,0,1,0,0,1,0,1,0,0
1,37,1,1,2,1,2,0,1,0,27,0,0,1,0,0,1,0,0,0,1
1,24,1,1,2,2,2,0,0,0,28,0,0,1,0,0,1,0,1,0,0
1,18,1,1,2,2,1,0,0,0,28,0,0,1,0,0,1,0,1,0,0
1,27,1,1,2,1,1,0,1,1,28,0,0,1,0,0,1,0,1,0,0
1,18,1,1,3,3,2,0,2,0,28,0,0,1,0,0,1,0,1,0,0
1,33,1,1,2,3,2,0,1,0,27,0,0,1,0,0,0,1,0,0,1
1,18,1,1,2,3,2,0,1,0,27,0,0,1,0,0,1,0,1,0,0
1,30,1,1,2,3,1,0,0,0,28,0,0,1,0,0,1,0,1,0,0
1,25,1,1,1,1,2,0,0,0,28,0,0,1,0,0,1,0,1,0,0
0,18,1,0,3,3,2,0,1,1,30,0,0,1,0,0,0,1,1,0,0
0,35,1,1,2,2,1,0,0,1,29,0,0,1,0,0,0,1,0,0,1
1,23,1,1,2,3,2,0,0,0,28,0,0,1,0,0,1,0,1,0,0
0,39,1,1,2,1,2,0,0,0,29,0,0,1,0,0,0,1,0,0,1
1,21,1,1,1,1,2,0,0,0,28,0,0,1,0,0,1,0,1,0,0
1,22,1,1,2,2,2,0,0,0,28,0,0,1,0,0,1,0,1,0,0
1,21,1,1,2,3,2,0,2,1,27,0,0,1,0,0,0,1,1,0,0
1,21,1,1,2,2,2,0,2,1,27,0,0,1,0,0,0,1,1,0,0
1,32,1,1,2,1,2,0,1,0,27,0,0,1,0,0,1,0,0,0,1
1,32,1,1,2,3,1,0,0,0,27,0,0,1,0,0,0,1,0,0,1
1,30,1,1,2,3,1,0,0,0,27,0,0,1,0,0,0,1,0,0,1
1,21,1,1,2,3,2,0,2,1,27,0,0,1,0,0,0,1,1,0,0
0,22,1,1,2,3,2,0,0,2,29,0,0,1,0,0,0,1,1,0,0
0,24,1,0,2,2,1,0,1,1,26,0,0,1,0,0,0,1,1,0,0
1,37,1,1,2,1,2,0,0,0,27,0,0,1,0,0,0,1,0,0,1
1,34,1,1,2,2,1,0,0,0,27,0,0,1,0,0,1,0,0,0,1
0,21,1,0,2,1,2,0,1,1,28,0,0,1,0,0,0,1,1,0,0
0,21,1,0,2,1,1,0,0,0,28,0,0,1,0,0,0,1,1,0,0
1,19,1,1,2,3,2,0,2,0,28,0,0,1,0,0,1,0,1,0,0
0,19,1,0,2,3,1,0,1,1,28,0,0,1,0,0,0,1,1,0,0
0,20,1,0,2,3,1,0,1,1,28,0,0,1,0,0,0,1,1,0,0
1,22,1,1,1,2,1,0,0,1,28,0,0,1,0,0,1,0,1,0,0
1,22,1,1,1,1,2,0,0,0,28,0,0,1,0,0,1,0,1,0,0
0,22,1,1,2,2,1,0,0,1,27,0,0,1,0,0,0,1,1,0,0
1,23,1,1,2,2,1,0,0,1,28,0,0,1,0,0,0,1,1,0,0
1,24,1,1,2,3,2,0,0,1,29,0,0,1,0,0,1,0,1,0,0
1,23,1,1,2,2,1,0,0,0,28,0,0,1,0,0,1,0,1,0,0
0,26,1,1,2,3,3,0,0,0,26,0,0,1,0,1,0,0,1,0,0
1,31,1,1,2,3,1,0,0,0,28,0,0,1,0,0,1,0,1,0,0
0,23,1,1,2,3,2,0,0,1,27,0,0,1,0,0,1,0,1,0,0
0,26,1,1,2,3,2,0,0,0,27,0,0,1,0,1,0,0,0,0,1
1,17,1,1,2,2,1,0,1,0,28,0,0,1,0,0,1,0,1,0,0
1,19,1,0,2,1,3,0,0,0,28,0,0,1,0,0,1,0,1,0,0
1,25,1,1,1,2,2,0,1,1,28,0,0,1,0,0,1,0,1,0,0
1,22,1,1,1,1,1,0,0,1,27,0,0,1,0,0,1,0,1,0,0
1,23,1,1,2,2,2,0,0,0,28,0,0,1,0,0,1,0,1,0,0
1,22,1,1,1,2,1,0,0,1,27,0,0,1,0,0,1,0,1,0,0
0,23,1,1,2,2,1,0,0,1,28,0,0,1,0,0,1,0,1,0,0
1,34,1,1,2,2,2,0,1,0,29,0,0,1,0,0,0,1,0,0,1
0,25,1,1,2,2,2,0,0,0,27,0,0,1,0,1,0,0,1,0,0
1,55,1,1,2,3,2,0,1,0,28,0,0,1,0,0,0,1,0,0,1
1,34,1,1,2,3,2,0,1,0,27,0,0,1,0,0,0,1,0,0,1
1,21,1,1,2,3,2,0,0,2,29,0,0,1,0,0,0,1,1,0,0
1,18,1,0,2,2,1,0,1,0,28,0,0,1,0,0,0,1,1,0,0
0,41,1,1,2,3,1,0,0,1,28,0,0,1,0,0,0,1,0,0,1
1,21,1,1,2,2,2,0,2,1,27,0,0,1,0,0,0,1,1,0,0
0,27,1,0,2,1,1,0,0,0,28,0,0,1,0,0,0,1,1,0,0
0,25,1,0,2,1,1,0,0,0,28,0,0,1,0,0,0,1,1,0,0
0,21,1,0,2,1,1,0,0,0,27,0,0,1,0,0,0,1,1,0,0
0,20,1,0,2,3,2,0,1,1,28,0,0,1,0,0,0,1,1,0,0
1,22,1,1,2,2,1,0,0,1,28,0,0,1,0,0,0,1,1,0,0
1,23,1,1,2,2,1,0,0,0,27,0,0,1,0,0,1,0,1,0,0
0,38,1,1,3,3,2,0,0,0,27,0,0,1,0,0,0,1,0,0,1
0,37,1,1,2,3,1,0,0,0,28,0,0,1,0,0,0,1,0,0,1
0,34,1,1,2,1,1,0,0,0,27,0,0,1,0,0,0,1,0,0,1
0,34,1,1,2,1,2,0,0,1,29,0,0,1,0,0,0,1,0,0,1
1,31,1,1,2,1,2,0,1,0,29,0,0,1,0,0,1,0,0,0,1
1,33,1,1,2,1,3,0,1,0,28,0,0,1,0,0,1,0,0,0,1
0,18,1,0,3,3,2,0,1,1,29,0,0,1,0,0,0,1,1,0,0
0,19,1,0,3,3,2,0,1,1,28,0,0,1,0,0,1,0,1,0,0
1,19,1,0,1,2,2,0,1,0,26,0,0,1,0,0,1,0,1,0,0
1,47,1,1,2,3,1,0,0,0,27,0,0,1,0,0,0,1,0,0,1
1,17,1,0,2,3,2,0,1,0,27,0,0,1,0,0,1,0,1,0,0
1,17,1,1,2,3,2,0,1,0,27,0,0,1,0,0,1,0,1,0,0
1,20,1,1,2,2,1,0,1,0,27,0,0,1,0,0,0,1,1,0,0
0,33,1,1,3,2,1,0,1,0,27,0,0,1,0,0,0,1,0,0,1
1,17,1,1,2,3,3,0,1,0,29,0,0,1,0,0,1,0,1,0,0
1,33,1,1,2,1,2,0,2,0,28,0,0,1,0,0,0,1,0,0,1
1,34,1,1,2,2,2,0,2,0,27,0,0,1,0,0,0,1,0,0,1
1,35,1,1,2,1,2,0,1,0,29,0,0,1,0,0,0,1,0,0,1
0,19,1,0,2,2,2,0,1,0,28,0,0,1,0,0,1,0,1,0,0
0,18,1,0,3,3,2,0,2,1,30,0,0,1,0,0,1,0,1,0,0
1,31,1,1,2,2,2,0,0,0,27,0,0,1,0,0,1,0,0,0,1
1,23,1,1,2,2,2,0,1,0,27,0,0,1,0,0,1,0,1,0,0
1,19,1,0,1,3,2,0,1,1,28,0,0,1,0,0,0,1,1,0,0
1,19,1,0,1,2,2,0,1,0,26,0,0,1,0,0,1,0,1,0,0
1,30,1,1,2,2,1,0,1,0,27,0,0,1,0,0,1,0,1,0,0
1,27,1,1,2,1,1,0,1,0,29,0,0,1,0,0,1,0,1,0,0
1,21,1,1,2,1,2,0,2,0,27,0,0,1,0,0,1,0,1,0,0
1,33,1,1,2,2,2,0,0,0,29,0,0,1,0,0,0,1,0,0,1
1,18,1,1,2,3,2,0,1,0,28,0,0,1,0,0,1,0,1,0,0
1,32,1,1,2,1,1,0,1,0,28,0,0,1,0,0,1,0,1,0,0
1,31,1,1,2,2,2,0,1,0,28,0,0,1,0,0,1,0,0,0,1
1,24,1,1,1,2,2,0,0,0,27,0,0,1,0,0,1,0,1,0,0
1,24,1,1,2,2,2,0,0,0,28,0,0,1,0,0,1,0,1,0,0
0,19,1,0,2,3,1,0,0,1,29,0,0,1,0,0,0,1,1,0,0
0,35,1,1,2,3,1,0,0,1,28,0,0,1,0,0,0,1,0,0,1
0,33,1,1,2,2,1,0,0,0,27,0,0,1,0,0,0,1,0,0,1
1,23,1,1,2,2,1,0,1,0,27,0,0,1,0,0,1,0,1,0,0
1,39,1,1,2,1,1,0,0,0,29,0,0,1,0,0,0,1,0,0,1
0,45,1,1,2,3,1,0,0,0,28,0,0,1,0,0,0,1,0,0,1
1,25,1,1,3,3,2,0,1,1,33,0,0,1,0,0,1,0,1,0,0
1,26,1,1,3,3,2,0,2,1,31,0,0,1,0,0,1,0,1,0,0
1,30,1,1,2,3,1,0,2,0,32,0,0,1,0,0,1,0,0,0,1
1,39,1,1,2,2,2,0,2,1,31,0,0,1,0,0,1,0,0,0,1
0,31,1,1,2,2,1,0,0,0,32,0,0,1,0,0,1,0,1,0,0
0,25,1,1,2,1,2,0,0,0,31,0,0,1,0,0,1,0,1,0,0
0,43,1,1,2,1,2,0,1,0,33,0,0,1,0,0,0,1,0,0,1
0,42,1,1,2,2,1,0,0,0,32,0,0,1,0,0,0,1,0,0,1
0,22,1,1,1,1,2,0,0,1,31,0,0,1,0,0,1,0,1,0,0
0,22,1,1,2,1,2,0,0,2,31,0,0,1,0,0,1,0,1,0,0
1,24,1,1,2,3,2,0,1,1,32,0,0,1,0,0,0,1,1,0,0
1,21,1,1,2,1,3,0,1,1,32,0,0,1,0,0,0,1,1,0,0
0,22,1,1,2,1,2,0,0,1,32,0,0,1,0,0,0,1,1,0,0
0,23,1,1,2,3,2,0,2,0,31,0,0,1,0,0,0,1,1,0,0
0,37,1,1,2,3,1,0,0,0,31,0,0,1,0,0,1,0,0,0,1
1,22,1,1,2,3,2,0,2,1,31,0,0,1,0,0,0,1,1,0,0
1,23,1,1,2,3,3,0,3,2,31,0,0,1,0,0,0,1,1,0,0
0,22,1,1,3,1,3,0,1,1,32,0,0,1,0,0,0,1,1,0,0
0,18,1,1,3,3,1,0,1,1,30,0,0,1,0,0,1,0,1,0,0
1,25,1,1,3,3,1,0,1,0,35,0,0,1,0,0,1,0,0,0,1
0,40,1,1,2,3,1,0,0,0,32,0,0,1,0,0,1,0,0,0,1
1,23,1,1,2,3,1,0,0,1,31,0,0,1,0,0,0,1,1,0,0
0,37,1,1,2,1,1,0,1,0,32,0,0,1,0,0,1,0,0,0,1
1,31,1,1,2,2,2,0,1,0,32,0,0,1,0,0,1,0,0,0,1
1,22,1,1,2,3,2,0,0,0,34,0,0,1,0,0,0,1,1,0,0
1,40,1,1,2,3,2,0,1,0,30,0,0,1,0,0,1,0,0,0,1
1,23,1,1,2,3,3,0,3,2,30,0,0,1,0,0,0,1,1,0,0
1,21,1,1,2,2,2,0,2,2,33,0,0,1,0,0,0,1,1,0,0
1,35,1,1,2,1,3,0,2,0,31,0,0,1,0,1,0,0,0,0,1
0,22,1,1,1,2,2,0,2,1,32,0,0,1,0,0,0,1,1,0,0
0,23,1,1,2,2,2,0,1,0,31,0,0,1,0,0,0,1,1,0,0
0,23,1,1,2,1,2,0,0,1,29,0,0,1,0,0,0,1,1,0,0
0,40,1,1,2,1,1,0,1,0,33,0,0,1,0,0,1,0,0,0,1
0,39,1,1,2,3,1,0,0,0,35,0,0,1,0,0,1,0,0,0,1
1,26,1,1,2,3,3,0,0,0,32,0,0,1,0,0,1,0,0,0,1
0,23,1,1,2,1,2,0,0,0,32,0,0,1,0,0,0,1,1,0,0
1,20,1,1,2,3,1,0,1,0,32,0,0,1,0,0,0,1,1,0,0
1,21,1,1,2,3,2,0,2,1,31,0,0,1,0,0,0,1,1,0,0
0,23,1,1,2,1,2,0,0,0,30,0,0,1,0,0,0,1,1,0,0
1,20,1,1,2,3,1,0,0,0,32,0,0,1,0,0,1,0,1,0,0
1,18,1,1,2,1,2,0,1,2,33,0,0,1,0,0,1,0,1,0,0
0,18,1,1,2,3,1,0,1,0,31,0,0,1,0,0,1,0,1,0,0
0,18,1,1,1,3,1,0,0,1,32,0,0,1,0,0,1,0,1,0,0
1,23,1,1,2,3,2,0,0,0,32,0,0,1,0,0,1,0,1,0,0
1,23,1,1,2,3,2,0,0,0,34,0,0,1,0,0,1,0,1,0,0
1,20,1,1,2,3,1,0,0,0,32,0,0,1,0,0,0,1,1,0,0
1,21,1,1,2,3,2,0,0,0,32,0,0,1,0,0,0,1,1,0,0
1,18,1,1,2,1,2,0,1,1,33,0,0,1,0,0,0,1,1,0,0
1,18,1,1,2,1,2,0,1,1,32,0,0,1,0,0,0,1,1,0,0
0,19,1,1,1,2,1,0,0,1,30,0,0,1,0,0,1,0,1,0,0
0,22,1,1,2,1,1,0,0,0,30,0,0,1,0,0,1,0,1,0,0
1,21,1,1,2,3,2,0,1,0,33,0,0,1,0,0,1,0,1,0,0
1,21,1,1,2,3,3,0,0,1,31,0,0,1,0,0,1,0,1,0,0
1,22,1,1,2,3,3,0,0,1,30,0,0,1,0,0,1,0,1,0,0
0,37,1,1,2,1,1,0,1,0,30,0,0,1,0,0,1,0,0,0,1
0,37,1,1,2,2,1,0,1,0,32,0,0,1,0,0,1,0,0,0,1
1,17,1,1,2,3,2,0,0,0,32,0,0,1,0,0,0,1,1,0,0
0,37,1,1,2,3,2,0,0,0,30,0,0,1,0,0,1,0,0,0,1
0,43,1,1,2,3,2,0,0,0,30,0,0,1,0,0,1,0,0,0,1
1,18,1,1,2,2,2,0,1,0,32,0,0,1,0,0,1,0,1,0,0
1,18,1,1,2,2,2,0,1,0,33,0,0,1,0,0,1,0,1,0,0
1,29,1,1,2,2,2,0,0,1,32,0,0,1,0,0,1,0,0,0,1
0,18,1,1,2,3,1,0,1,0,30,0,0,1,0,0,0,1,1,0,0
1,24,1,1,1,3,1,0,0,0,33,0,0,1,0,0,1,0,0,0,1
1,29,1,1,1,3,2,0,0,0,31,0,0,1,0,0,1,0,0,0,1
0,18,1,1,2,3,1,0,1,0,32,0,0,1,0,0,0,1,1,0,0
1,21,1,1,2,2,2,0,0,1,33,0,0,1,0,0,0,1,1,0,0
1,19,1,1,2,2,2,0,0,1,34,0,0,1,0,0,0,1,1,0,0
0,18,1,1,2,3,1,0,0,0,32,0,0,1,0,0,0,1,1,0,0
1,18,1,1,2,3,3,0,1,0,32,0,0,1,0,0,0,1,1,0,0
1,26,1,1,3,3,2,0,2,1,30,0,0,1,0,0,1,0,1,0,0
1,25,1,1,3,3,2,0,1,0,32,0,0,1,0,0,1,0,1,0,0
1,36,1,1,2,2,2,0,2,0,31,0,0,1,0,1,0,0,0,0,1
1,38,1,1,2,2,2,0,2,0,31,0,0,1,0,1,0,0,0,0,1
0,30,1,1,2,1,1,0,0,0,33,0,0,1,0,0,0,1,1,0,0
0,28,1,1,2,1,2,0,0,0,31,0,0,1,0,0,0,1,1,0,0
0,42,1,1,2,2,1,0,0,0,31,0,0,1,0,0,0,1,0,0,1
0,47,1,1,2,1,1,0,0,0,30,0,0,1,0,0,0,1,0,0,1
0,22,1,1,1,1,2,0,0,1,30,0,0,1,0,0,1,0,1,0,0
0,22,1,1,1,1,2,0,0,0,31,0,0,1,0,0,1,0,1,0,0
1,23,1,1,2,3,1,0,0,1,34,0,0,1,0,0,0,1,1,0,0
1,22,1,1,2,3,2,0,1,1,32,0,0,1,0,0,0,1,1,0,0
1,22,1,1,2,2,3,0,0,1,32,0,0,1,0,0,0,1,1,0,0
1,23,1,1,2,3,3,0,0,0,32,0,0,1,0,0,0,1,1,0,0
0,23,1,1,2,2,2,0,0,0,30,0,0,1,0,0,0,1,1,0,0
0,23,1,1,2,2,2,0,0,0,31,0,0,1,0,0,0,1,1,0,0
0,38,1,1,2,3,1,0,0,0,32,0,0,1,0,0,1,0,0,0,1
0,37,1,1,2,1,1,0,1,0,32,0,0,1,0,0,1,0,0,0,1
1,22,1,1,2,3,3,0,3,2,31,0,0,1,0,0,0,1,1,0,0
1,22,1,1,2,3,3,0,3,2,30,0,0,1,0,0,0,1,1,0,0
0,21,1,1,2,1,3,0,1,1,32,0,0,1,0,0,0,1,1,0,0
0,22,1,1,2,1,2,0,1,1,32,0,0,1,0,0,0,1,1,0,0
0,16,1,1,2,3,1,0,2,1,31,0,0,1,0,0,0,1,1,0,0
0,16,1,1,2,3,1,0,2,1,32,0,0,1,0,0,0,1,1,0,0
1,29,1,1,3,3,1,0,1,1,34,0,0,1,0,0,1,0,0,0,1
1,29,1,1,3,3,1,0,1,0,35,0,0,1,0,0,1,0,0,0,1
0,43,1,1,2,3,2,0,0,0,30,0,0,1,0,0,0,1,0,0,1
0,40,1,1,2,3,2,0,0,0,32,0,0,1,0,0,0,1,0,0,1
1,22,1,1,2,3,1,0,0,0,32,0,0,1,0,0,0,1,1,0,0
1,23,1,1,2,3,1,0,0,1,31,0,0,1,0,0,0,1,1,0,0
0,37,1,1,2,2,1,0,0,0,30,0,0,1,0,0,1,0,0,0,1
0,37,1,1,2,3,1,0,0,0,30,0,0,1,0,0,1,0,0,0,1
1,31,1,1,2,1,2,0,1,0,32,0,0,1,0,0,1,0,0,0,1
1,31,1,1,2,2,2,0,0,0,32,0,0,1,0,0,1,0,0,0,1
1,21,1,1,2,2,2,0,0,0,33,0,0,1,0,0,0,1,1,0,0
1,21,1,1,2,2,2,0,0,1,31,0,0,1,0,0,0,1,1,0,0
1,36,1,1,2,1,2,0,1,0,32,0,0,1,0,0,1,0,0,0,1
1,39,1,1,2,2,2,0,1,0,30,0,0,1,0,0,1,0,0,0,1
1,24,1,1,2,3,2,0,2,1,31,0,0,1,0,0,0,1,1,0,0
1,23,1,1,2,3,2,0,2,1,31,0,0,1,0,0,0,1,1,0,0
1,35,1,1,2,1,3,0,2,0,32,0,0,1,0,0,1,0,0,0,1
1,31,1,1,2,2,2,0,1,1,32,0,0,1,0,0,1,0,0,0,1
0,23,1,1,2,2,2,0,2,0,32,0,0,1,0,0,0,1,1,0,0
0,23,1,1,2,1,2,0,1,0,31,0,0,1,0,0,0,1,1,0,0
0,22,1,1,2,1,2,0,0,1,31,0,0,1,0,0,1,0,1,0,0
0,22,1,1,1,1,2,0,0,2,31,0,0,1,0,0,1,0,1,0,0
0,41,1,1,2,2,1,0,0,0,32,0,0,1,0,0,1,0,0,0,1
0,40,1,1,2,3,1,0,0,0,33,0,0,1,0,0,1,0,0,0,1
1,29,1,1,2,2,2,0,1,0,31,0,0,1,0,0,1,0,0,0,1
1,30,1,1,2,2,2,0,1,0,31,0,0,1,0,0,1,0,0,0,1
0,23,1,1,2,1,2,0,0,0,31,0,0,1,0,0,0,1,1,0,0
0,24,1,1,2,1,2,0,0,0,31,0,0,1,0,0,0,1,1,0,0
1,17,1,1,2,3,2,0,0,0,34,0,0,1,0,0,0,1,1,0,0
1,18,1,1,2,3,2,0,1,0,33,0,0,1,0,0,0,1,1,0,0
0,22,1,1,1,1,2,0,0,0,31,0,0,1,0,0,0,1,1,0,0
0,22,1,1,1,1,2,0,0,0,31,0,0,1,0,0,0,1,1,0,0
1,18,1,1,2,2,2,0,1,2,32,0,0,1,0,0,1,0,1,0,0
1,21,1,1,2,3,3,0,0,1,34,0,0,1,0,0,1,0,1,0,0
0,18,1,1,1,3,1,0,0,1,32,0,0,1,0,0,1,0,1,0,0
0,21,1,1,1,3,1,0,0,0,31,0,0,1,0,0,1,0,1,0,0
1,23,1,1,2,3,2,0,0,0,32,0,0,1,0,0,1,0,1,0,0
1,21,1,1,2,3,2,0,0,0,32,0,0,1,0,0,1,0,1,0,0
1,21,1,1,2,3,1,0,0,0,32,0,0,1,0,0,1,0,1,0,0
1,21,1,1,2,3,2,0,0,0,32,0,0,1,0,0,1,0,1,0,0
1,18,1,1,2,1,2,0,1,0,34,0,0,1,0,0,0,1,1,0,0
1,18,1,1,2,1,2,0,1,1,32,0,0,1,0,0,0,1,1,0,0
0,19,1,1,2,2,1,0,0,1,30,0,0,1,0,0,0,1,1,0,0
0,18,1,1,2,3,1,0,0,0,30,0,0,1,0,0,0,1,1,0,0
1,22,1,1,2,3,2,0,1,0,34,0,0,1,0,0,1,0,1,0,0
1,22,1,1,2,3,2,0,1,0,33,0,0,1,0,0,1,0,1,0,0
1,19,1,1,2,3,3,0,1,1,32,0,0,1,0,0,1,0,1,0,0
1,20,1,1,2,3,3,0,0,1,30,0,0,1,0,0,1,0,1,0,0
0,39,1,1,2,1,1,0,1,0,31,0,0,1,0,0,1,0,0,0,1
0,38,1,1,2,1,1,0,1,0,31,0,0,1,0,0,1,0,0,0,1
1,19,1,1,2,2,2,0,0,1,33,0,0,1,0,0,0,1,1,0,0
1,17,1,1,2,3,2,0,1,0,34,0,0,1,0,0,0,1,1,0,0
0,38,1,1,2,3,1,0,0,0,32,0,0,1,0,0,1,0,0,0,1
0,38,1,1,2,3,1,0,0,0,33,0,0,1,0,0,1,0,0,0,1
1,18,1,1,2,2,2,0,1,0,34,0,0,1,0,0,0,1,1,0,0
1,18,1,1,2,2,2,0,1,0,33,0,0,1,0,0,0,1,1,0,0
1,29,1,1,2,2,1,0,1,0,33,0,0,1,0,0,1,0,0,0,1
1,30,1,1,2,2,1,0,1,0,34,0,0,1,0,0,1,0,0,0,1
0,18,1,1,2,3,1,0,1,0,31,0,0,1,0,0,1,0,1,0,0
0,18,1,1,1,3,1,0,0,0,31,0,0,1,0,0,1,0,1,0,0
1,31,1,1,2,1,1,0,1,0,32,0,0,1,0,0,1,0,0,0,1
1,29,1,1,1,3,1,0,0,0,32,0,0,1,0,0,1,0,0,0,1
0,18,1,1,2,3,1,0,1,0,30,0,0,1,0,0,0,1,1,0,0
0,18,1,1,2,3,1,0,1,0,31,0,0,1,0,0,0,1,1,0,0
1,21,1,1,2,1,2,0,0,1,33,0,0,1,0,0,0,1,1,0,0
1,21,1,1,2,1,2,0,0,1,34,0,0,1,0,0,0,1,1,0,0
0,18,1,1,2,3,1,0,1,0,31,0,0,1,0,0,0,1,1,0,0
0,18,1,1,2,3,1,0,1,0,30,0,0,1,0,0,0,1,1,0,0
1,20,1,1,2,3,2,0,2,0,31,0,0,1,0,0,0,1,1,0,0
1,20,1,1,2,3,2,0,2,0,32,0,0,1,0,0,0,1,1,0,0
1,26,1,1,3,3,2,0,1,1,31,0,0,1,0,0,1,0,1,0,0
1,25,1,1,3,3,2,0,1,1,31,0,0,1,0,0,1,0,1,0,0
1,26,1,1,3,3,2,0,1,1,31,0,0,1,0,0,1,0,1,0,0
1,25,1,1,2,3,2,0,1,1,31,0,0,1,0,0,1,0,1,0,0
1,29,1,1,2,3,1,0,2,0,31,0,0,1,0,0,1,0,0,0,1
1,32,1,1,2,1,2,0,2,0,32,0,0,1,0,0,1,0,0,0,1
1,38,1,1,2,1,2,0,2,1,32,0,0,1,0,1,0,0,0,0,1
1,39,1,1,2,2,2,0,2,0,30,0,0,1,0,1,0,0,0,0,1
0,33,1,1,2,2,1,0,0,0,31,0,0,1,0,0,1,0,0,0,1
0,26,1,1,2,1,1,0,0,0,32,0,0,1,0,0,1,0,0,0,1
0,23,1,1,1,1,2,0,0,1,31,0,0,1,0,0,0,1,1,0,0
0,24,1,1,2,1,1,0,0,0,31,0,0,1,0,0,0,1,1,0,0
0,42,1,1,2,1,1,0,1,0,33,0,0,1,0,0,0,1,0,0,1
0,43,1,1,2,2,2,0,0,0,32,0,0,1,0,0,0,1,0,0,1
0,43,1,1,2,1,1,0,0,0,32,0,0,1,0,0,0,1,0,0,1
0,39,1,1,2,2,1,0,0,0,32,0,0,1,0,0,0,1,0,0,1
0,22,1,1,1,1,1,0,0,1,30,0,0,1,0,0,1,0,1,0,0
0,22,1,1,1,1,2,0,0,1,31,0,0,1,0,0,1,0,1,0,0
0,22,1,1,2,1,2,0,0,2,31,0,0,1,0,0,1,0,1,0,0
0,22,1,1,2,1,2,0,0,0,31,0,0,1,0,0,1,0,1,0,0
1,23,1,1,2,2,2,0,2,1,32,0,0,1,0,0,0,1,1,0,0
1,22,1,1,2,2,2,0,2,1,32,0,0,1,0,0,0,1,1,0,0
0,21,1,1,2,1,3,0,1,1,32,0,0,1,0,0,0,1,1,0,0
0,21,1,1,2,1,3,0,1,1,32,0,0,1,0,0,0,1,1,0,0
0,22,1,1,2,2,2,0,0,1,30,0,0,1,0,0,0,1,1,0,0
0,22,1,1,2,1,2,0,0,1,30,0,0,1,0,0,0,1,1,0,0
0,23,1,1,2,2,2,0,2,0,32,0,0,1,0,0,0,1,1,0,0
0,23,1,1,2,1,2,0,0,0,30,0,0,1,0,0,0,1,1,0,0
0,39,1,1,2,3,1,0,0,0,33,0,0,1,0,0,1,0,0,0,1
0,37,1,1,2,2,1,0,1,0,32,0,0,1,0,0,1,0,0,0,1
1,22,1,1,2,3,2,0,1,1,32,0,0,1,0,0,0,1,1,0,0
1,22,1,1,2,3,2,0,1,0,31,0,0,1,0,0,0,1,1,0,0
1,23,1,1,2,3,3,0,3,2,30,0,0,1,0,0,0,1,1,0,0
1,23,1,1,2,3,3,0,3,2,30,0,0,1,0,0,0,1,1,0,0
0,21,1,1,2,1,3,0,1,1,32,0,0,1,0,0,0,1,1,0,0
0,21,1,1,2,1,3,0,1,1,32,0,0,1,0,0,0,1,1,0,0
0,18,1,1,2,3,1,0,0,1,30,0,0,1,0,0,0,1,1,0,0
0,18,1,1,3,3,1,0,0,1,30,0,0,1,0,0,0,1,1,0,0
1,26,1,1,3,3,1,0,1,1,33,0,0,1,0,0,1,0,1,0,0
1,25,1,1,2,3,2,0,0,0,32,0,0,1,0,0,1,0,1,0,0
0,40,1,1,2,3,1,0,0,0,31,0,0,1,0,0,1,0,0,0,1
0,38,1,1,2,3,1,0,0,0,32,0,0,1,0,0,1,0,0,0,1
1,24,1,1,1,3,1,0,0,0,33,0,0,1,0,0,0,1,0,0,1
1,23,1,1,1,3,1,0,0,0,32,0,0,1,0,0,0,1,0,0,1
0,38,1,1,2,1,1,0,1,0,33,0,0,1,0,0,1,0,0,0,1
0,37,1,1,2,2,1,0,0,0,32,0,0,1,0,0,1,0,0,0,1
1,31,1,1,2,1,2,0,1,0,32,0,0,1,0,0,1,0,0,0,1
1,29,1,1,2,2,2,0,1,0,31,0,0,1,0,0,1,0,0,0,1
1,21,1,1,2,2,2,0,0,1,34,0,0,1,0,0,0,1,1,0,0
1,21,1,1,2,2,2,0,0,1,33,0,0,1,0,0,0,1,1,0,0
1,39,1,1,2,1,2,0,2,0,31,0,0,1,0,1,0,0,0,0,1
1,36,1,1,2,1,2,0,2,0,31,0,0,1,0,1,0,0,0,0,1
1,22,1,1,2,3,2,0,2,1,31,0,0,1,0,0,0,1,1,0,0
1,23,1,1,2,3,3,0,3,2,31,0,0,1,0,0,0,1,1,0,0
1,22,1,1,2,2,2,0,2,2,33,0,0,1,0,0,0,1,1,0,0
1,21,1,1,2,2,2,0,2,1,32,0,0,1,0,0,0,1,1,0,0
1,36,1,1,2,1,2,0,2,0,31,0,0,1,0,0,1,0,0,0,1
1,37,1,1,2,1,2,0,2,0,31,0,0,1,0,0,1,0,0,0,1
0,22,1,1,2,2,2,0,2,0,32,0,0,1,0,0,0,1,1,0,0
0,22,1,1,1,1,2,0,1,1,31,0,0,1,0,0,0,1,1,0,0
0,22,1,1,2,2,2,0,2,0,32,0,0,1,0,0,0,1,1,0,0
0,22,1,1,1,2,2,0,2,0,31,0,0,1,0,0,0,1,1,0,0
0,22,1,1,1,1,2,0,0,1,29,0,0,1,0,0,1,0,1,0,0
0,22,1,1,2,1,2,0,0,0,30,0,0,1,0,0,1,0,1,0,0
0,38,1,1,2,1,1,0,1,0,33,0,0,1,0,0,1,0,0,0,1
0,40,1,1,2,1,1,0,1,0,33,0,0,1,0,0,1,0,0,0,1
0,40,1,1,2,3,1,0,0,0,34,0,0,1,0,0,1,0,0,0,1
0,38,1,1,2,3,1,0,0,0,34,0,0,1,0,0,1,0,0,0,1
1,25,1,1,2,3,3,0,0,0,32,0,0,1,0,0,1,0,0,0,1
1,26,1,1,2,3,3,0,0,0,32,0,0,1,0,0,1,0,0,0,1
0,23,1,1,2,1,2,0,0,0,31,0,0,1,0,0,0,1,1,0,0
0,23,1,1,2,1,2,0,0,0,32,0,0,1,0,0,0,1,1,0,0
1,20,1,1,2,3,1,0,0,0,32,0,0,1,0,0,0,1,1,0,0
1,21,1,1,2,3,2,0,1,0,32,0,0,1,0,0,0,1,1,0,0
1,22,1,1,2,3,2,0,2,1,31,0,0,1,0,0,0,1,1,0,0
1,22,1,1,2,3,2,0,2,1,31,0,0,1,0,0,0,1,1,0,0
0,23,1,1,2,1,2,0,0,0,31,0,0,1,0,0,0,1,1,0,0
0,24,1,1,2,1,2,0,0,0,31,0,0,1,0,0,0,1,1,0,0
1,20,1,1,2,3,2,0,0,0,32,0,0,1,0,0,1,0,1,0,0
1,20,1,1,2,3,1,0,0,0,32,0,0,1,0,0,1,0,1,0,0
1,21,1,1,2,2,2,0,0,1,32,0,0,1,0,0,1,0,1,0,0
1,18,1,1,2,1,2,0,1,2,32,0,0,1,0,0,1,0,1,0,0
0,18,1,1,2,3,1,0,1,0,31,0,0,1,0,0,1,0,1,0,0
0,18,1,1,2,3,1,0,0,0,32,0,0,1,0,0,1,0,1,0,0
0,20,1,1,1,3,1,0,0,0,31,0,0,1,0,0,1,0,1,0,0
0,18,1,1,2,3,1,0,1,0,32,0,0,1,0,0,1,0,1,0,0
1,22,1,1,2,3,2,0,0,0,32,0,0,1,0,0,1,0,1,0,0
1,23,1,1,2,3,2,0,0,0,34,0,0,1,0,0,1,0,1,0,0
1,22,1,1,2,3,2,0,0,0,32,0,0,1,0,0,1,0,1,0,0
1,23,1,1,2,3,2,0,0,0,33,0,0,1,0,0,1,0,1,0,0
1,20,1,1,2,3,1,0,0,0,33,0,0,1,0,0,1,0,1,0,0
1,20,1,1,2,3,1,0,1,0,32,0,0,1,0,0,1,0,1,0,0
1,21,1,1,2,3,2,0,0,0,33,0,0,1,0,0,1,0,1,0,0
1,21,1,1,2,3,2,0,0,0,31,0,0,1,0,0,1,0,1,0,0
1,18,1,1,2,1,2,0,1,1,33,0,0,1,0,0,0,1,1,0,0
1,18,1,1,2,1,2,0,1,0,33,0,0,1,0,0,0,1,1,0,0
1,18,1,1,2,1,2,0,1,1,33,0,0,1,0,0,0,1,1,0,0
1,18,1,1,2,1,2,0,1,1,33,0,0,1,0,0,0,1,1,0,0
0,19,1,1,2,2,1,0,0,1,30,0,0,1,0,0,1,0,1,0,0
0,19,1,1,1,2,1,0,0,1,31,0,0,1,0,0,1,0,1,0,0
0,22,1,1,2,1,1,0,0,0,31,0,0,1,0,0,0,1,1,0,0
0,22,1,1,2,1,2,0,0,0,31,0,0,1,0,0,0,1,1,0,0
1,22,1,1,2,3,2,0,1,0,33,0,0,1,0,0,1,0,1,0,0
1,21,1,1,2,3,2,0,0,0,32,0,0,1,0,0,1,0,1,0,0
1,20,1,1,2,2,2,0,0,1,33,0,0,1,0,0,1,0,1,0,0
1,19,1,1,2,2,2,0,0,1,31,0,0,1,0,0,1,0,1,0,0
1,21,1,1,2,3,3,0,0,1,31,0,0,1,0,0,1,0,1,0,0
1,20,1,1,2,3,3,0,0,1,33,0,0,1,0,0,1,0,1,0,0
0,39,1,1,2,1,1,0,1,0,32,0,0,1,0,0,1,0,0,0,1
0,37,1,1,2,1,1,0,1,0,32,0,0,1,0,0,1,0,0,0,1
0,37,1,1,2,2,1,0,0,0,33,0,0,1,0,0,1,0,0,0,1
0,37,1,1,2,2,1,0,1,0,31,0,0,1,0,0,1,0,0,0,1
1,18,1,1,2,2,2,0,0,0,32,0,0,1,0,0,0,1,1,0,0
1,17,1,1,2,3,2,0,0,0,32,0,0,1,0,0,0,1,1,0,0
0,39,1,1,2,3,1,0,0,0,31,0,0,1,0,0,1,0,0,0,1
0,37,1,1,2,3,1,0,0,0,33,0,0,1,0,0,1,0,0,0,1
0,41,1,1,2,3,2,0,0,0,32,0,0,1,0,0,1,0,0,0,1
0,43,1,1,2,3,2,0,0,0,30,0,0,1,0,0,1,0,0,0,1
1,18,1,1,2,2,2,0,1,0,33,0,0,1,0,0,0,1,1,0,0
1,18,1,1,2,2,2,0,1,0,33,0,0,1,0,0,0,1,1,0,0
1,18,1,1,2,1,2,0,1,1,33,0,0,1,0,0,0,1,1,0,0
1,18,1,1,2,1,2,0,1,0,33,0,0,1,0,0,0,1,1,0,0
1,29,1,1,2,2,2,0,1,1,33,0,0,1,0,0,1,0,0,0,1
1,28,1,1,2,2,2,0,1,1,32,0,0,1,0,0,1,0,0,0,1
0,18,1,1,2,3,1,0,1,0,31,0,0,1,0,0,0,1,1,0,0
0,18,1,1,2,3,1,0,1,0,30,0,0,1,0,0,0,1,1,0,0
1,23,1,1,1,3,1,0,0,0,34,0,0,1,0,0,0,1,0,0,1
1,24,1,1,1,3,1,0,0,0,32,0,0,1,0,0,0,1,0,0,1
1,29,1,1,1,3,1,0,0,0,33,0,0,1,0,0,1,0,0,0,1
1,27,1,1,1,3,2,0,0,0,32,0,0,1,0,0,1,0,0,0,1
0,18,1,1,2,3,1,0,1,0,31,0,0,1,0,0,0,1,1,0,0
0,18,1,1,2,3,1,0,0,0,32,0,0,1,0,0,0,1,1,0,0
1,21,1,1,2,2,2,0,0,1,33,0,0,1,0,0,0,1,1,0,0
1,21,1,1,2,2,2,0,0,1,32,0,0,1,0,0,0,1,1,0,0
1,20,1,1,2,2,2,0,0,1,34,0,0,1,0,0,0,1,1,0,0
1,20,1,1,2,1,2,0,0,1,34,0,0,1,0,0,0,1,1,0,0
0,19,1,1,1,2,1,0,0,0,31,0,0,1,0,0,0,1,1,0,0
0,18,1,1,2,3,1,0,0,0,31,0,0,1,0,0,0,1,1,0,0
1,18,1,1,2,3,3,0,2,0,32,0,0,1,0,0,0,1,1,0,0
1,19,1,1,2,3,2,0,1,0,32,0,0,1,0,0,0,1,1,0,0
1,30,1,1,2,3,2,0,0,1,36,0,0,1,0,0,0,1,0,0,1
1,25,1,1,1,3,2,0,1,0,36,0,0,1,0,0,0,1,0,0,1
1,37,1,1,2,3,1,0,1,0,37,0,0,1,0,0,0,1,1,0,0
1,32,1,1,2,2,1,0,1,0,35,0,0,1,0,0,0,1,1,0,0
1,27,1,1,2,3,1,0,1,0,35,0,0,1,0,0,1,0,1,0,0
1,30,1,1,2,3,1,0,0,0,36,0,0,1,0,0,1,0,1,0,0
1,26,1,0,2,3,2,0,0,0,37,0,0,1,0,0,1,0,0,0,1
1,34,1,0,2,3,2,0,1,0,38,0,0,1,0,0,1,0,0,0,1
1,26,1,1,2,3,2,0,0,1,36,0,0,1,0,0,1,0,1,0,0
1,28,1,1,1,3,2,0,0,0,35,0,0,1,0,0,1,0,1,0,0
1,27,1,1,3,3,3,0,0,1,36,0,0,1,0,0,1,0,1,0,0
1,25,1,1,2,3,2,0,1,0,34,0,0,1,0,0,1,0,1,0,0
1,30,1,1,2,3,2,0,1,1,39,0,0,1,0,0,1,0,0,0,1
1,31,1,1,2,3,1,0,0,1,36,0,0,1,0,0,1,0,0,0,1
1,24,1,1,1,3,2,0,1,0,36,0,0,1,0,0,1,0,1,0,0
1,24,1,1,1,3,2,0,1,0,37,0,0,1,0,0,1,0,1,0,0
1,41,1,1,2,2,1,0,0,0,38,0,0,1,0,0,1,0,0,0,1
1,27,1,1,2,1,1,0,0,0,35,0,0,1,0,0,1,0,0,0,1
1,23,1,1,3,2,2,0,0,0,35,0,0,1,0,0,1,0,1,0,0
1,22,1,1,3,2,1,0,1,0,35,0,0,1,0,0,1,0,1,0,0
1,24,1,1,3,2,1,0,1,0,37,0,0,1,0,0,0,1,1,0,0
1,20,1,1,2,1,1,0,0,1,39,0,0,1,0,0,0,1,1,0,0
1,30,1,1,1,3,2,0,0,0,36,0,0,1,0,0,1,0,0,0,1
1,25,1,1,1,3,2,0,1,0,36,0,0,1,0,0,1,0,0,0,1
1,30,1,1,2,3,1,0,1,0,36,0,0,1,0,0,0,1,1,0,0
1,28,1,1,2,2,1,0,1,0,35,0,0,1,0,0,0,1,1,0,0
1,30,1,1,2,3,1,0,0,0,35,0,0,1,0,0,1,0,1,0,0
1,29,1,1,2,3,2,0,1,0,34,0,0,1,0,0,1,0,1,0,0
1,31,1,1,2,3,2,0,0,0,38,0,0,1,0,0,1,0,0,0,1
1,36,1,1,2,3,2,0,0,0,38,0,0,1,0,0,1,0,0,0,1
1,21,1,1,2,3,2,0,1,1,36,0,0,1,0,0,1,0,1,0,0
1,23,1,1,1,3,2,0,0,0,36,0,0,1,0,0,1,0,1,0,0
1,24,1,1,2,3,2,0,2,0,36,0,0,1,0,0,1,0,1,0,0
1,25,1,1,3,3,3,0,1,0,36,0,0,1,0,0,1,0,1,0,0
1,31,1,1,2,3,2,0,0,0,38,0,0,1,0,0,1,0,0,0,1
1,30,1,1,2,3,2,0,0,1,37,0,0,1,0,0,1,0,0,0,1
1,23,1,1,1,3,2,0,1,0,38,0,0,1,0,0,1,0,1,0,0
1,23,1,1,1,3,2,0,1,0,38,0,0,1,0,0,1,0,1,0,0
1,40,1,1,2,3,1,0,1,0,35,0,0,1,0,0,0,1,0,0,1
1,34,1,1,2,2,1,0,1,0,34,0,0,1,0,0,0,1,0,0,1
1,22,1,1,3,2,1,0,0,0,35,0,0,1,0,0,1,0,1,0,0
1,21,1,1,3,2,1,0,0,0,35,0,0,1,0,0,1,0,1,0,0
1,24,1,1,3,1,1,0,1,1,38,0,0,1,0,0,0,1,1,0,0
1,20,1,1,2,1,1,0,0,1,39,0,0,1,0,0,0,1,1,0,0
1,28,1,1,2,3,2,0,0,1,36,0,0,1,0,0,1,0,0,0,1
1,26,1,1,1,3,2,0,0,0,36,0,0,1,0,0,1,0,0,0,1
1,25,1,1,1,3,2,0,1,0,36,0,0,1,0,0,1,0,1,0,0
1,25,1,1,1,3,2,0,1,0,36,0,0,1,0,0,1,0,1,0,0
1,31,1,1,1,3,1,0,0,0,37,0,0,1,0,0,0,1,0,0,1
1,40,1,1,2,3,1,0,0,0,36,0,0,1,0,0,0,1,0,0,1
1,33,1,1,2,2,1,0,1,0,35,0,0,1,0,0,0,1,1,0,0
1,30,1,1,2,2,1,0,0,1,35,0,0,1,0,0,0,1,1,0,0
1,30,1,1,2,3,1,0,1,0,35,0,0,1,0,0,1,0,1,0,0
1,29,1,1,2,3,1,0,1,0,35,0,0,1,0,0,1,0,1,0,0
1,30,1,1,2,3,2,0,0,0,37,0,0,1,0,0,1,0,0,0,1
1,30,1,1,2,3,2,0,0,1,37,0,0,1,0,0,1,0,0,0,1
1,26,1,1,2,3,2,0,0,0,34,0,0,1,0,0,1,0,1,0,0
1,26,1,1,2,3,2,0,0,0,36,0,0,1,0,0,1,0,1,0,0
1,37,1,1,2,3,2,0,0,0,38,0,0,1,0,0,1,0,0,0,1
1,28,1,1,2,3,2,0,1,0,36,0,0,1,0,0,1,0,0,0,1
1,25,1,1,2,3,2,0,1,0,36,0,0,1,0,0,1,0,1,0,0
1,25,1,1,2,3,2,0,1,1,37,0,0,1,0,0,1,0,1,0,0
1,29,1,1,2,3,2,0,0,0,35,0,0,1,0,0,1,0,0,0,1
1,26,1,1,2,3,2,0,0,1,35,0,0,1,0,0,1,0,0,0,1
1,26,1,1,2,3,2,0,1,0,34,0,0,1,0,0,1,0,1,0,0
1,27,1,1,2,3,2,0,0,0,36,0,0,1,0,0,1,0,1,0,0
1,22,1,1,2,2,1,0,1,0,34,0,0,1,0,0,1,0,1,0,0
1,24,1,1,2,3,2,0,1,0,38,0,0,1,0,0,1,0,1,0,0
1,31,1,1,2,3,2,0,1,0,38,0,0,1,0,0,1,0,0,0,1
1,30,1,1,2,3,2,0,1,1,38,0,0,1,0,0,1,0,0,0,1
1,31,1,1,2,3,1,0,0,1,38,0,0,1,0,0,1,0,1,0,0
1,30,1,1,2,3,1,0,0,0,35,0,0,1,0,0,1,0,1,0,0
1,25,1,1,1,3,2,0,1,0,36,0,0,1,0,0,1,0,1,0,0
1,25,1,1,2,3,2,0,1,0,36,0,0,1,0,0,1,0,1,0,0
1,25,1,1,2,3,2,0,1,0,34,0,0,1,0,0,1,0,1,0,0
1,25,1,1,1,3,2,0,1,0,35,0,0,1,0,0,1,0,1,0,0
1,38,1,1,2,2,1,0,0,0,38,0,0,1,0,0,1,0,0,0,1
1,38,1,1,2,2,1,0,0,0,37,0,0,1,0,0,1,0,0,0,1
1,25,1,1,2,1,1,0,0,1,37,0,0,1,0,0,0,1,1,0,0
1,32,1,1,2,1,1,0,1,0,35,0,0,1,0,0,0,1,1,0,0
1,23,1,1,3,2,2,0,0,0,35,0,0,1,0,0,1,0,1,0,0
1,24,1,1,2,2,2,0,0,0,37,0,0,1,0,0,1,0,1,0,0
1,24,1,1,2,2,2,0,1,0,34,0,0,1,0,0,1,0,1,0,0
1,22,1,1,2,2,1,0,1,0,38,0,0,1,0,0,1,0,1,0,0
1,24,1,1,2,1,1,0,0,0,38,0,0,1,0,0,0,1,1,0,0
1,30,1,1,2,2,1,0,1,0,36,0,0,1,0,0,0,1,1,0,0
1,20,1,1,2,1,1,0,0,0,36,0,0,1,0,0,0,1,1,0,0
1,25,1,1,2,1,1,0,0,1,37,0,0,1,0,0,0,1,1,0,0
1,30,1,1,1,3,2,0,0,0,36,0,0,1,0,0,1,0,0,0,1
1,30,1,1,1,3,2,0,0,0,36,0,0,1,0,0,1,0,0,0,1
1,24,1,1,2,3,1,0,1,0,37,0,0,1,0,0,0,1,1,0,0
1,24,1,1,2,2,1,0,1,0,37,0,0,1,0,0,0,1,1,0,0
1,29,1,1,2,3,1,0,1,0,35,0,0,1,0,0,1,0,1,0,0
1,29,1,1,2,3,1,0,1,0,35,0,0,1,0,0,1,0,1,0,0
1,37,1,1,2,3,2,0,0,0,38,0,0,1,0,0,1,0,0,0,1
1,39,1,1,2,3,2,0,0,0,38,0,0,1,0,0,1,0,0,0,1
1,22,1,1,1,3,2,0,1,0,35,0,0,1,0,0,1,0,1,0,0
1,22,1,1,1,3,2,0,1,0,36,0,0,1,0,0,1,0,1,0,0
1,24,1,1,2,3,2,0,2,0,36,0,0,1,0,0,1,0,1,0,0
1,24,1,1,2,3,2,0,1,0,37,0,0,1,0,0,1,0,1,0,0
1,31,1,1,2,3,2,0,0,1,39,0,0,1,0,0,1,0,0,0,1
1,31,1,1,2,3,2,0,0,1,38,0,0,1,0,0,1,0,0,0,1
1,22,1,1,2,2,1,0,1,0,36,0,0,1,0,0,1,0,1,0,0
1,22,1,1,2,2,1,0,1,0,35,0,0,1,0,0,1,0,1,0,0
1,40,1,1,2,2,1,0,0,0,35,0,0,1,0,0,0,1,0,0,1
1,41,1,1,2,2,1,0,0,0,37,0,0,1,0,0,0,1,0,0,1
1,21,1,1,3,2,1,0,0,0,35,0,0,1,0,0,1,0,1,0,0
1,21,1,1,3,1,1,0,0,0,35,0,0,1,0,0,1,0,1,0,0
1,24,1,1,2,1,1,0,0,1,38,0,0,1,0,0,0,1,1,0,0
1,24,1,1,3,1,1,0,0,1,38,0,0,1,0,0,0,1,1,0,0
1,29,1,1,2,3,2,0,0,0,35,0,0,1,0,0,1,0,0,0,1
1,29,1,1,2,3,2,0,0,1,36,0,0,1,0,0,1,0,0,0,1
1,25,1,1,1,3,2,0,1,0,36,0,0,1,0,0,1,0,1,0,0
1,25,1,1,1,3,2,0,1,0,36,0,0,1,0,0,1,0,1,0,0
1,40,1,1,2,3,1,0,1,0,36,0,0,1,0,0,0,1,0,0,1
1,33,1,1,2,2,1,0,1,0,36,0,0,1,0,0,0,1,0,0,1
1,32,1,1,2,2,1,0,1,0,35,0,0,1,0,0,0,1,1,0,0
1,30,1,1,2,2,1,0,0,1,35,0,0,1,0,0,0,1,1,0,0
1,29,1,1,2,3,1,0,1,0,35,0,0,1,0,0,1,0,1,0,0
1,28,1,1,2,3,1,0,1,0,35,0,0,1,0,0,1,0,1,0,0
1,30,1,1,2,3,2,0,0,0,37,0,0,1,0,0,1,0,0,0,1
1,30,1,1,2,3,2,0,1,0,35,0,0,1,0,0,1,0,0,0,1
1,26,1,1,1,3,2,0,0,0,35,0,0,1,0,0,1,0,1,0,0
1,26,1,1,2,3,2,0,0,0,36,0,0,1,0,0,1,0,1,0,0
1,33,1,1,2,3,2,0,0,0,38,0,0,1,0,0,1,0,0,0,1
1,32,1,1,2,3,2,0,0,1,38,0,0,1,0,0,1,0,0,0,1
1,26,1,1,2,3,2,0,1,1,36,0,0,1,0,0,1,0,1,0,0
1,25,1,1,2,3,2,0,1,1,36,0,0,1,0,0,1,0,1,0,0
1,29,1,1,2,3,2,0,0,0,35,0,0,1,0,0,1,0,0,0,1
1,27,1,1,2,3,2,0,0,1,35,0,0,1,0,0,1,0,0,0,1
1,28,1,1,2,3,2,0,0,1,36,0,0,1,0,0,1,0,1,0,0
1,27,1,1,2,3,2,0,0,0,35,0,0,1,0,0,1,0,1,0,0
1,25,1,1,2,3,2,0,1,0,34,0,0,1,0,0,1,0,1,0,0
1,24,1,1,2,3,2,0,1,0,37,0,0,1,0,0,1,0,1,0,0
1,30,1,1,2,3,2,0,1,1,38,0,0,1,0,0,1,0,0,0,1
1,30,1,1,2,3,2,0,1,1,38,0,0,1,0,0,1,0,0,0,1
1,31,1,1,2,3,1,0,0,0,36,0,0,1,0,0,1,0,1,0,0
1,31,1,1,2,3,1,0,0,1,36,0,0,1,0,0,1,0,1,0,0
1,25,1,1,1,3,2,0,1,0,36,0,0,1,0,0,1,0,1,0,0
1,25,1,1,1,3,2,0,1,0,36,0,0,1,0,0,1,0,1,0,0
1,24,1,1,2,2,2,0,0,0,37,0,0,1,0,0,1,0,1,0,0
1,24,1,1,1,2,2,0,1,0,37,0,0,1,0,0,1,0,1,0,0
1,40,1,1,2,2,1,0,0,0,37,0,0,1,0,0,1,0,0,0,1
1,40,1,1,2,2,1,0,0,0,37,0,0,1,0,0,1,0,0,0,1
1,27,1,1,2,1,1,0,0,1,36,0,0,1,0,0,0,1,1,0,0
1,30,1,1,2,1,1,0,1,0,34,0,0,1,0,0,0,1,1,0,0
1,23,1,1,3,2,1,0,0,0,35,0,0,1,0,0,1,0,1,0,0
1,24,1,1,2,2,2,0,0,0,34,0,0,1,0,0,1,0,1,0,0
1,22,1,1,2,2,1,0,1,0,34,0,0,1,0,0,1,0,1,0,0
1,23,1,1,3,2,2,0,0,0,35,0,0,1,0,0,1,0,1,0,0
1,24,1,1,2,2,1,0,1,0,37,0,0,1,0,0,0,1,1,0,0
1,26,1,1,2,1,1,0,1,0,36,0,0,1,0,0,0,1,1,0,0
1,20,1,1,2,1,1,0,0,1,39,0,0,1,0,0,0,1,1,0,0
1,22,1,1,2,1,1,0,0,1,38,0,0,1,0,0,0,1,1,0,0
1,28,1,1,1,3,2,0,0,0,35,0,0,1,0,0,1,0,0,0,1
1,30,1,1,1,3,2,0,0,0,36,0,0,1,0,0,1,0,0,0,1
1,25,1,1,1,3,2,0,1,0,36,0,0,1,0,0,1,0,1,0,0
1,25,1,1,1,3,2,0,1,0,35,0,0,1,0,0,1,0,1,0,0
1,31,1,1,2,2,1,0,1,0,36,0,0,1,0,0,0,1,1,0,0
1,30,1,1,2,2,1,0,1,0,36,0,0,1,0,0,0,1,1,0,0
1,28,1,1,2,2,1,0,1,0,35,0,0,1,0,0,0,1,1,0,0
1,27,1,1,2,2,1,0,0,0,34,0,0,1,0,0,0,1,1,0,0
1,31,1,1,2,3,1,0,0,1,36,0,0,1,0,0,1,0,1,0,0
1,30,1,1,2,3,1,0,0,0,35,0,0,1,0,0,1,0,1,0,0
1,30,1,1,2,3,2,0,0,0,36,0,0,1,0,0,1,0,1,0,0
1,31,1,1,2,3,2,0,0,0,35,0,0,1,0,0,1,0,1,0,0
1,31,1,1,2,3,2,0,0,0,38,0,0,1,0,0,1,0,0,0,1
1,30,1,1,2,3,2,0,0,1,38,0,0,1,0,0,1,0,0,0,1
1,37,1,1,2,2,1,0,0,0,38,0,0,1,0,0,1,0,0,0,1
1,37,1,1,2,2,1,0,0,0,38,0,0,1,0,0,1,0,0,0,1
1,21,1,1,1,3,2,0,1,0,37,0,0,1,0,0,1,0,1,0,0
1,22,1,1,1,3,2,0,1,0,37,0,0,1,0,0,1,0,1,0,0
1,25,1,1,1,3,2,0,1,0,36,0,0,1,0,0,1,0,1,0,0
1,23,1,1,1,3,2,0,0,0,37,0,0,1,0,0,1,0,1,0,0
1,23,1,1,2,2,2,0,1,0,35,0,0,1,0,0,1,0,1,0,0
1,24,1,1,2,3,2,0,1,0,36,0,0,1,0,0,1,0,1,0,0
1,25,1,1,3,3,3,0,1,0,36,0,0,1,0,0,1,0,1,0,0
1,25,1,1,3,3,3,0,1,0,36,0,0,1,0,0,1,0,1,0,0
1,30,1,1,2,3,2,0,0,1,38,0,0,1,0,0,1,0,0,0,1
1,30,1,1,2,3,2,0,0,1,38,0,0,1,0,0,1,0,0,0,1
1,31,1,1,2,3,2,0,0,1,38,0,0,1,0,0,1,0,0,0,1
1,30,1,1,2,3,2,0,0,1,38,0,0,1,0,0,1,0,0,0,1
1,24,1,1,1,3,2,0,1,0,38,0,0,1,0,0,1,0,1,0,0
1,23,1,1,1,3,2,0,1,0,38,0,0,1,0,0,1,0,1,0,0
1,23,1,1,1,3,2,0,1,0,38,0,0,1,0,0,1,0,1,0,0
1,23,1,1,2,2,1,0,1,0,38,0,0,1,0,0,1,0,1,0,0
1,39,1,1,2,3,1,0,1,0,37,0,0,1,0,0,0,1,0,0,1
1,36,1,1,2,2,1,0,1,0,35,0,0,1,0,0,0,1,0,0,1
1,33,1,1,2,2,1,0,1,0,36,0,0,1,0,0,0,1,1,0,0
1,34,1,1,2,2,1,0,1,0,35,0,0,1,0,0,0,1,1,0,0
1,22,1,1,3,2,1,0,0,0,35,0,0,1,0,0,1,0,1,0,0
1,22,1,1,2,2,1,0,0,0,35,0,0,1,0,0,1,0,1,0,0
1,23,1,1,3,2,1,0,0,0,35,0,0,1,0,0,1,0,1,0,0
1,22,1,1,2,2,1,0,0,0,34,0,0,1,0,0,1,0,1,0,0
1,24,1,1,2,1,1,0,1,1,38,0,0,1,0,0,0,1,1,0,0
1,24,1,1,3,1,1,0,0,1,38,0,0,1,0,0,0,1,1,0,0
1,20,1,1,2,1,1,0,0,0,39,0,0,1,0,0,0,1,1,0,0
1,23,1,1,2,1,1,0,1,1,38,0,0,1,0,0,0,1,1,0,0
1,28,1,1,2,3,2,0,0,1,36,0,0,1,0,0,1,0,0,0,1
1,29,1,1,2,3,2,0,0,1,36,0,0,1,0,0,1,0,0,0,1
1,27,1,1,1,3,2,0,0,0,36,0,0,1,0,0,1,0,0,0,1
1,24,1,1,1,3,2,0,0,0,36,0,0,1,0,0,1,0,0,0,1
1,25,1,1,2,3,2,0,1,0,36,0,0,1,0,0,1,0,1,0,0
1,25,1,1,2,3,2,0,1,0,35,0,0,1,0,0,1,0,1,0,0
1,25,1,1,2,3,2,0,1,0,36,0,0,1,0,0,1,0,1,0,0
1,25,1,1,1,3,2,0,1,0,36,0,0,1,0,0,1,0,1,0,0
1,30,1,1,1,3,1,0,0,0,36,0,0,1,0,0,1,0,0,0,1
1,30,1,1,1,3,1,0,0,0,36,0,0,1,0,0,1,0,0,0,1
1,40,1,1,2,3,1,0,1,0,35,0,0,1,0,0,0,1,0,0,1
1,40,1,1,2,2,1,0,0,0,36,0,0,1,0,0,0,1,0,0,1
1,30,1,1,2,2,1,0,1,0,35,0,0,1,0,0,0,1,1,0,0
1,33,1,1,2,2,1,0,1,0,35,0,0,1,0,0,0,1,1,0,0
1,30,1,1,2,2,1,0,1,0,36,0,0,1,0,0,0,1,1,0,0
1,29,1,1,2,1,1,0,0,0,35,0,0,1,0,0,0,1,1,0,0
1,31,1,1,2,3,1,0,1,1,36,0,0,1,0,0,1,0,1,0,0
1,30,1,1,2,3,1,0,1,0,35,0,0,1,0,0,1,0,1,0,0
1,29,1,1,2,3,1,0,1,0,35,0,0,1,0,0,1,0,1,0,0
1,30,1,1,2,3,1,0,1,0,35,0,0,1,0,0,1,0,1,0,0
1,30,1,1,2,3,2,0,0,0,38,0,0,1,0,0,1,0,0,0,1
1,31,1,1,2,3,2,0,1,0,38,0,0,1,0,0,1,0,0,0,1
1,30,1,1,2,3,2,0,0,0,37,0,0,1,0,0,1,0,0,0,1
1,30,1,1,2,3,2,0,0,1,38,0,0,1,0,0,1,0,0,0,1
1,26,1,1,2,3,2,0,0,0,36,0,0,1,0,0,1,0,1,0,0
1,26,1,1,2,3,2,0,0,0,35,0,0,1,0,0,1,0,1,0,0
1,25,1,1,2,3,2,0,1,0,34,0,0,1,0,0,1,0,1,0,0
1,26,1,1,2,3,2,0,1,0,35,0,0,1,0,0,1,0,1,0,0
1,37,1,1,2,3,2,0,0,0,38,0,0,1,0,0,1,0,0,0,1
1,37,1,1,2,2,2,0,0,0,37,0,0,1,0,0,1,0,0,0,1
1,28,1,1,2,3,2,0,0,0,36,0,0,1,0,0,1,0,0,0,1
1,27,1,1,2,3,2,0,0,0,36,0,0,1,0,0,1,0,0,0,1
1,25,1,1,2,3,2,0,1,0,36,0,0,1,0,0,1,0,1,0,0
1,25,1,1,2,3,2,0,1,0,36,0,0,1,0,0,1,0,1,0,0
1,25,1,1,2,3,2,0,1,0,37,0,0,1,0,0,1,0,1,0,0
1,25,1,1,2,3,2,0,1,1,36,0,0,1,0,0,1,0,1,0,0
1,29,1,1,1,3,2,0,0,0,35,0,0,1,0,0,1,0,0,0,1
1,29,1,1,2,3,2,0,0,0,36,0,0,1,0,0,1,0,0,0,1
1,26,1,1,2,3,2,0,0,1,35,0,0,1,0,0,1,0,0,0,1
1,28,1,1,2,3,2,0,0,1,36,0,0,1,0,0,1,0,0,0,1
1,26,1,1,2,3,2,0,1,0,34,0,0,1,0,0,1,0,1,0,0
1,27,1,1,2,3,2,0,1,0,36,0,0,1,0,0,1,0,1,0,0
1,27,1,1,2,3,2,0,0,1,36,0,0,1,0,0,1,0,1,0,0
1,26,1,1,2,3,2,0,0,0,36,0,0,1,0,0,1,0,1,0,0
1,22,1,1,2,2,1,0,1,0,35,0,0,1,0,0,1,0,1,0,0
1,22,1,1,2,2,1,0,1,0,34,0,0,1,0,0,1,0,1,0,0
1,23,1,1,2,2,2,0,1,0,38,0,0,1,0,0,1,0,1,0,0
1,24,1,1,2,2,2,0,1,0,37,0,0,1,0,0,1,0,1,0,0
1,30,1,1,2,3,2,0,1,1,38,0,0,1,0,0,1,0,0,0,1
1,31,1,1,2,3,2,0,0,0,38,0,0,1,0,0,1,0,0,0,1
1,31,1,1,2,3,2,0,0,0,38,0,0,1,0,0,1,0,0,0,1
1,30,1,1,2,3,2,0,1,1,38,0,0,1,0,0,1,0,0,0,1
1,31,1,1,2,3,1,0,0,0,36,0,0,1,0,0,1,0,1,0,0
1,31,1,1,2,3,1,0,0,0,37,0,0,1,0,0,1,0,1,0,0
1,30,1,1,2,3,1,0,0,0,37,0,0,1,0,0,1,0,1,0,0
1,30,1,1,2,3,1,0,0,1,36,0,0,1,0,0,1,0,1,0,0
1,25,1,1,1,3,2,0,1,0,36,0,0,1,0,0,1,0,1,0,0
1,25,1,1,1,3,2,0,1,0,36,0,0,1,0,0,1,0,1,0,0
1,25,1,1,1,3,2,0,1,0,36,0,0,1,0,0,1,0,1,0,0
1,25,1,1,1,3,2,0,1,0,36,0,0,1,0,0,1,0,1,0,0
1,25,1,1,2,3,2,0,1,0,36,0,0,1,0,0,1,0,1,0,0
1,25,1,1,2,2,2,0,1,0,36,0,0,1,0,0,1,0,1,0,0
1,25,1,1,1,3,2,0,1,0,36,0,0,1,0,0,1,0,1,0,0
1,25,1,1,1,3,2,0,1,0,35,0,0,1,0,0,1,0,1,0,0
1,37,1,1,2,2,1,0,0,0,38,0,0,1,0,0,1,0,0,0,1
1,38,1,1,2,2,1,0,0,0,38,0,0,1,0,0,1,0,0,0,1
1,38,1,1,2,2,1,0,0,0,37,0,0,1,0,0,1,0,0,0,1
1,38,1,1,2,2,1,0,0,0,37,0,0,1,0,0,1,0,0,0,1
1,24,1,1,2,1,1,0,0,1,39,0,0,1,0,0,0,1,1,0,0
1,26,1,1,2,1,1,0,0,0,36,0,0,1,0,0,0,1,1,0,0
1,33,1,1,2,2,1,0,1,0,35,0,0,1,0,0,0,1,1,0,0
1,32,1,1,2,2,1,0,1,0,35,0,0,1,0,0,0,1,1,0,0
1,23,1,1,2,2,2,0,1,0,36,0,0,1,0,0,1,0,1,0,0
1,23,1,1,3,2,2,0,0,0,35,0,0,1,0,0,1,0,1,0,0
1,23,1,1,2,2,2,0,1,0,37,0,0,1,0,0,1,0,1,0,0
1,24,1,1,1,2,2,0,1,0,36,0,0,1,0,0,1,0,1,0,0
1,24,1,1,2,2,2,0,1,0,35,0,0,1,0,0,1,0,1,0,0
1,24,1,1,2,2,2,0,1,0,34,0,0,1,0,0,1,0,1,0,0
1,22,1,1,2,2,1,0,1,0,36,0,0,1,0,0,1,0,1,0,0
1,23,1,1,2,2,2,0,1,0,36,0,0,1,0,0,1,0,1,0,0
1,24,1,1,2,1,1,0,1,1,38,0,0,1,0,0,0,1,1,0,0
1,24,1,1,2,1,1,0,0,1,38,0,0,1,0,0,0,1,1,0,0
1,30,1,1,2,2,1,0,1,0,37,0,0,1,0,0,0,1,1,0,0
1,30,1,1,2,2,1,0,0,0,37,0,0,1,0,0,0,1,1,0,0
1,20,1,1,2,1,1,0,0,1,38,0,0,1,0,0,0,1,1,0,0
1,20,1,1,2,1,1,0,0,0,37,0,0,1,0,0,0,1,1,0,0
1,25,1,1,2,1,1,0,0,1,37,0,0,1,0,0,0,1,1,0,0
1,26,1,1,2,1,1,0,0,1,35,0,0,1,0,0,0,1,1,0,0
0,25,1,1,3,3,1,0,0,1,39,0,0,1,0,0,1,0,1,0,0
0,26,1,1,3,3,1,0,0,0,41,0,0,1,0,0,1,0,1,0,0
0,18,1,1,3,3,2,0,1,0,42,0,0,1,0,0,1,0,1,0,0
0,18,1,1,3,3,2,0,1,0,46,0,0,1,0,0,1,0,1,0,0
0,26,1,1,3,3,2,0,0,0,40,0,0,1,0,0,1,0,1,0,0
0,26,1,1,3,3,1,0,0,0,41,0,0,1,0,0,1,0,1,0,0
0,25,1,1,3,3,1,0,0,0,37,0,0,1,0,0,1,0,1,0,0
0,25,1,1,3,3,1,0,0,0,39,0,0,1,0,0,1,0,1,0,0
0,22,1,1,3,3,1,0,0,0,44,0,0,1,0,0,1,0,1,0,0
0,21,1,1,3,3,1,0,1,0,46,0,0,1,0,0,1,0,1,0,0
0,26,1,1,3,3,2,0,0,0,41,0,0,1,0,0,1,0,1,0,0
0,26,1,1,3,3,2,0,0,0,44,0,0,1,0,0,1,0,1,0,0
0,21,1,1,3,3,1,0,1,0,43,0,0,1,0,0,1,0,1,0,0
0,22,1,1,3,3,2,0,0,0,41,0,0,1,0,0,1,0,1,0,0
0,21,1,1,3,3,1,0,0,0,41,0,0,1,0,0,1,0,1,0,0
0,21,1,1,3,3,2,0,0,0,50,0,0,1,0,0,1,0,1,0,0
0,18,1,1,3,3,2,0,1,0,43,0,0,1,0,0,1,0,1,0,0
0,24,1,1,3,3,2,0,0,0,38,0,0,1,0,0,1,0,1,0,0
0,26,1,1,3,3,2,0,0,0,42,0,0,1,0,0,1,0,1,0,0
0,26,1,1,3,3,2,0,0,0,41,0,0,1,0,0,1,0,1,0,0
0,25,1,1,3,3,2,0,0,0,38,0,0,1,0,0,1,0,1,0,0
0,26,1,1,3,3,2,0,0,0,40,0,0,1,0,0,1,0,1,0,0
0,20,1,1,3,3,1,0,1,0,43,0,0,1,0,0,1,0,1,0,0
0,24,1,1,3,3,2,0,0,0,43,0,0,1,0,0,1,0,1,0,0
0,25,1,1,3,3,1,0,0,1,40,0,0,1,0,0,1,0,1,0,0
0,25,1,1,3,3,1,0,0,0,39,0,0,1,0,0,1,0,1,0,0
0,18,1,1,3,3,2,0,1,0,42,0,0,1,0,0,1,0,1,0,0
0,18,1,1,3,3,2,0,1,0,45,0,0,1,0,0,1,0,1,0,0
0,26,1,1,3,3,2,0,0,0,40,0,0,1,0,0,1,0,1,0,0
0,26,1,1,3,3,2,0,0,0,41,0,0,1,0,0,1,0,1,0,0
0,25,1,1,3,3,1,0,0,0,37,0,0,1,0,0,1,0,1,0,0
0,25,1,1,3,3,1,0,0,0,37,0,0,1,0,0,1,0,1,0,0
0,20,1,1,3,3,1,0,0,0,44,0,0,1,0,0,1,0,1,0,0
0,20,1,1,3,3,1,0,1,0,45,0,0,1,0,0,1,0,1,0,0
0,26,1,1,3,3,2,0,0,0,42,0,0,1,0,0,1,0,1,0,0
0,26,1,1,3,3,2,0,0,0,41,0,0,1,0,0,1,0,1,0,0
0,21,1,1,3,3,1,0,1,0,45,0,0,1,0,0,1,0,1,0,0
0,20,1,1,3,3,2,0,1,0,43,0,0,1,0,0,1,0,1,0,0
0,20,1,1,3,3,2,0,0,0,42,0,0,1,0,0,1,0,1,0,0
0,20,1,1,3,3,2,0,0,0,47,0,0,1,0,0,1,0,1,0,0
0,18,1,1,3,3,2,0,1,0,43,0,0,1,0,0,1,0,1,0,0
0,21,1,1,3,3,2,0,1,0,43,0,0,1,0,0,1,0,1,0,0
0,26,1,1,3,3,2,0,0,0,41,0,0,1,0,0,1,0,1,0,0
0,26,1,1,3,3,2,0,0,0,41,0,0,1,0,0,1,0,1,0,0
0,25,1,1,3,3,2,0,0,0,38,0,0,1,0,0,1,0,1,0,0
0,26,1,1,3,3,1,0,0,0,40,0,0,1,0,0,1,0,1,0,0
0,22,1,1,3,3,2,0,1,0,43,0,0,1,0,0,1,0,1,0,0
0,19,1,1,3,3,2,0,1,0,43,0,0,1,0,0,1,0,1,0,0
0,25,1,1,3,3,1,0,0,0,39,0,0,1,0,0,1,0,1,0,0
0,25,1,1,3,3,1,0,0,1,37,0,0,1,0,0,1,0,1,0,0
0,26,1,1,3,3,2,0,0,0,40,0,0,1,0,0,1,0,1,0,0
0,25,1,1,3,3,1,0,0,0,39,0,0,1,0,0,1,0,1,0,0
0,18,1,1,3,3,2,0,1,0,43,0,0,1,0,0,1,0,1,0,0
0,21,1,1,3,3,2,0,1,0,43,0,0,1,0,0,1,0,1,0,0
0,18,1,1,3,3,2,0,1,0,43,0,0,1,0,0,1,0,1,0,0
0,20,1,1,3,3,2,0,0,0,47,0,0,1,0,0,1,0,1,0,0
0,26,1,1,3,3,2,0,0,0,41,0,0,1,0,0,1,0,1,0,0
0,26,1,1,3,3,2,0,0,0,41,0,0,1,0,0,1,0,1,0,0
0,26,1,1,3,3,2,0,0,0,39,0,0,1,0,0,1,0,1,0,0
0,26,1,1,3,3,2,0,0,0,40,0,0,1,0,0,1,0,1,0,0
0,25,1,1,3,3,2,0,0,0,39,0,0,1,0,0,1,0,1,0,0
0,25,1,1,3,3,1,0,0,0,36,0,0,1,0,0,1,0,1,0,0
0,25,1,1,3,3,1,0,0,0,40,0,0,1,0,0,1,0,1,0,0
0,25,1,1,3,3,1,0,0,0,40,0,0,1,0,0,1,0,1,0,0
0,19,1,1,3,3,1,0,0,0,44,0,0,1,0,0,1,0,1,0,0
0,21,1,1,3,3,1,0,1,0,41,0,0,1,0,0,1,0,1,0,0
0,21,1,1,3,3,1,0,1,0,43,0,0,1,0,0,1,0,1,0,0
0,21,1,1,3,3,1,0,1,0,44,0,0,1,0,0,1,0,1,0,0
0,26,1,1,3,3,2,0,0,0,41,0,0,1,0,0,1,0,1,0,0
0,26,1,1,3,3,2,0,0,0,41,0,0,1,0,0,1,0,1,0,0
0,26,1,1,3,3,2,0,0,0,42,0,0,1,0,0,1,0,1,0,0
0,25,1,1,3,3,2,0,0,0,41,0,0,1,0,0,1,0,1,0,0
0,21,1,1,3,3,1,0,1,0,43,0,0,1,0,0,1,0,1,0,0
0,21,1,1,3,3,1,0,1,0,44,0,0,1,0,0,1,0,1,0,0
0,23,1,1,3,3,2,0,0,0,40,0,0,1,0,0,1,0,1,0,0
0,24,1,1,3,3,2,0,0,0,42,0,0,1,0,0,1,0,1,0,0
0,18,1,1,3,3,2,0,1,0,42,0,0,1,0,0,1,0,1,0,0
0,19,1,1,3,3,2,0,0,0,42,0,0,1,0,0,1,0,1,0,0
0,21,1,1,3,3,2,0,1,0,47,0,0,1,0,0,1,0,1,0,0
0,21,1,1,3,3,2,0,1,0,48,0,0,1,0,0,1,0,1,0,0
0,19,1,1,3,3,2,0,1,0,43,0,0,1,0,0,1,0,1,0,0
0,21,1,1,3,3,2,0,1,0,43,0,0,1,0,0,1,0,1,0,0
0,24,1,1,3,3,2,0,0,0,39,0,0,1,0,0,1,0,1,0,0
0,25,1,1,3,3,2,0,0,0,40,0,0,1,0,0,1,0,1,0,0
0,26,1,1,3,3,2,0,0,0,42,0,0,1,0,0,1,0,1,0,0
0,26,1,1,3,3,2,0,0,0,41,0,0,1,0,0,1,0,1,0,0
0,26,1,1,3,3,2,0,0,0,41,0,0,1,0,0,1,0,1,0,0
0,26,1,1,3,3,2,0,0,0,41,0,0,1,0,0,1,0,1,0,0
0,25,1,1,3,3,1,0,0,0,40,0,0,1,0,0,1,0,1,0,0
0,25,1,1,3,3,2,0,0,0,38,0,0,1,0,0,1,0,1,0,0
0,26,1,1,3,3,2,0,0,0,40,0,0,1,0,0,1,0,1,0,0
0,25,1,1,3,3,1,0,0,0,40,0,0,1,0,0,1,0,1,0,0
0,21,1,1,3,3,1,0,1,0,45,0,0,1,0,0,1,0,1,0,0
0,20,1,1,3,3,1,0,1,0,44,0,0,1,0,0,1,0,1,0,0
0,22,1,1,3,3,2,0,1,0,44,0,0,1,0,0,1,0,1,0,0
0,23,1,1,3,3,2,0,1,0,44,0,0,1,0,0,1,0,1,0,0
0,25,1,1,3,3,1,0,0,1,41,0,0,1,0,0,1,0,1,0,0
0,25,1,1,3,3,1,0,0,0,40,0,0,1,0,0,1,0,1,0,0
0,20,1,1,3,3,2,0,1,0,48,0,0,1,0,0,1,0,1,0,0
0,19,1,1,3,3,2,0,1,0,50,0,0,1,0,0,1,0,1,0,0
0,26,1,1,3,3,2,0,0,0,40,0,0,1,0,0,1,0,1,0,0
0,26,1,1,3,3,2,0,0,0,40,0,0,1,0,0,1,0,1,0,0
0,25,1,1,3,3,1,0,0,0,36,0,0,1,0,0,1,0,1,0,0
0,25,1,1,3,3,1,0,0,0,36,0,0,1,0,0,1,0,1,0,0
0,19,1,1,3,3,1,0,0,0,43,0,0,1,0,0,1,0,1,0,0
0,20,1,1,3,3,1,0,0,0,44,0,0,1,0,0,1,0,1,0,0
0,26,1,1,3,3,2,0,0,0,42,0,0,1,0,0,1,0,1,0,0
0,26,1,1,3,3,2,0,0,0,41,0,0,1,0,0,1,0,1,0,0
0,21,1,1,3,3,1,0,1,0,44,0,0,1,0,0,1,0,1,0,0
0,20,1,1,3,3,2,0,1,0,43,0,0,1,0,0,1,0,1,0,0
0,21,1,1,3,3,2,0,0,0,46,0,0,1,0,0,1,0,1,0,0
0,21,1,1,3,3,2,0,0,0,49,0,0,1,0,0,1,0,1,0,0
0,18,1,1,3,3,2,0,1,0,43,0,0,1,0,0,1,0,1,0,0
0,19,1,1,3,3,2,0,1,0,43,0,0,1,0,0,1,0,1,0,0
0,26,1,1,3,3,2,0,0,0,41,0,0,1,0,0,1,0,1,0,0
0,26,1,1,3,3,2,0,0,0,41,0,0,1,0,0,1,0,1,0,0
0,26,1,1,3,3,2,0,0,0,40,0,0,1,0,0,1,0,1,0,0
0,26,1,1,3,3,2,0,0,0,39,0,0,1,0,0,1,0,1,0,0
0,21,1,1,3,3,2,0,1,0,43,0,0,1,0,0,1,0,1,0,0
0,21,1,1,3,3,2,0,1,0,43,0,0,1,0,0,1,0,1,0,0
0,25,1,1,3,3,1,0,0,1,39,0,0,1,0,0,1,0,1,0,0
0,25,1,1,3,3,1,0,0,0,39,0,0,1,0,0,1,0,1,0,0
0,25,1,1,3,3,1,0,0,0,39,0,0,1,0,0,1,0,1,0,0
0,25,1,1,3,3,1,0,0,0,38,0,0,1,0,0,1,0,1,0,0
0,18,1,1,3,3,2,0,1,0,42,0,0,1,0,0,1,0,1,0,0
0,21,1,1,3,3,2,0,1,0,43,0,0,1,0,0,1,0,1,0,0
0,20,1,1,3,3,2,0,1,0,46,0,0,1,0,0,1,0,1,0,0
0,18,1,1,3,3,2,0,1,0,46,0,0,1,0,0,1,0,1,0,0
0,26,1,1,3,3,2,0,0,0,41,0,0,1,0,0,1,0,1,0,0
0,26,1,1,3,3,2,0,0,0,40,0,0,1,0,0,1,0,1,0,0
0,25,1,1,3,3,1,0,0,0,37,0,0,1,0,0,1,0,1,0,0
0,25,1,1,3,3,1,0,0,0,39,0,0,1,0,0,1,0,1,0,0
0,25,1,1,3,3,1,0,0,0,37,0,0,1,0,0,1,0,1,0,0
0,25,1,1,3,3,1,0,0,0,38,0,0,1,0,0,1,0,1,0,0
0,25,1,1,3,3,1,0,0,0,40,0,0,1,0,0,1,0,1,0,0
0,25,1,1,3,3,1,0,0,0,40,0,0,1,0,0,1,0,1,0,0
0,21,1,1,3,3,1,0,0,0,43,0,0,1,0,0,1,0,1,0,0
0,22,1,1,3,3,1,0,0,0,43,0,0,1,0,0,1,0,1,0,0
0,21,1,1,3,3,1,0,1,0,45,0,0,1,0,0,1,0,1,0,0
0,21,1,1,3,3,2,0,1,0,45,0,0,1,0,0,1,0,1,0,0
0,26,1,1,3,3,2,0,0,0,41,0,0,1,0,0,1,0,1,0,0
0,26,1,1,3,3,2,0,0,0,41,0,0,1,0,0,1,0,1,0,0
0,26,1,1,3,3,2,0,0,0,42,0,0,1,0,0,1,0,1,0,0
0,26,1,1,3,3,2,0,0,0,42,0,0,1,0,0,1,0,1,0,0
0,21,1,1,3,3,1,0,1,0,44,0,0,1,0,0,1,0,1,0,0
0,21,1,1,3,3,1,0,1,0,44,0,0,1,0,0,1,0,1,0,0
0,23,1,1,3,3,2,0,0,0,40,0,0,1,0,0,1,0,1,0,0
0,23,1,1,3,3,2,0,0,0,42,0,0,1,0,0,1,0,1,0,0
0,20,1,1,3,3,1,0,1,0,42,0,0,1,0,0,1,0,1,0,0
0,20,1,1,3,3,1,0,0,0,42,0,0,1,0,0,1,0,1,0,0
0,19,1,1,3,3,2,0,1,0,47,0,0,1,0,0,1,0,1,0,0
0,20,1,1,3,3,2,0,1,0,46,0,0,1,0,0,1,0,1,0,0
0,18,1,1,3,3,2,0,1,0,43,0,0,1,0,0,1,0,1,0,0
0,19,1,1,3,3,2,0,1,0,43,0,0,1,0,0,1,0,1,0,0
0,24,1,1,3,3,2,0,0,0,38,0,0,1,0,0,1,0,1,0,0
0,25,1,1,3,3,2,0,0,0,39,0,0,1,0,0,1,0,1,0,0
0,26,1,1,3,3,2,0,0,0,41,0,0,1,0,0,1,0,1,0,0
0,26,1,1,3,3,2,0,0,0,40,0,0,1,0,0,1,0,1,0,0
0,26,1,1,3,3,2,0,0,0,41,0,0,1,0,0,1,0,1,0,0
0,26,1,1,3,3,2,0,0,0,41,0,0,1,0,0,1,0,1,0,0
0,25,1,1,3,3,2,0,0,0,39,0,0,1,0,0,1,0,1,0,0
0,25,1,1,3,3,2,0,0,0,38,0,0,1,0,0,1,0,1,0,0
0,26,1,1,3,3,2,0,0,0,41,0,0,1,0,0,1,0,1,0,0
0,26,1,1,3,3,2,0,0,0,40,0,0,1,0,0,1,0,1,0,0
0,20,1,1,3,3,1,0,1,0,44,0,0,1,0,0,1,0,1,0,0
0,20,1,1,3,3,1,0,1,0,44,0,0,1,0,0,1,0,1,0,0
0,23,1,1,3,3,2,0,1,0,43,0,0,1,0,0,1,0,1,0,0
0,24,1,1,3,3,2,0,1,0,44,0,0,1,0,0,1,0,1,0,0
0,25,1,1,3,3,1,0,0,1,38,0,0,1,0,0,1,0,1,0,0
0,25,1,1,3,3,1,0,0,1,37,0,0,1,0,0,1,0,1,0,0
0,25,1,1,3,3,1,0,0,0,40,0,0,1,0,0,1,0,1,0,0
0,25,1,1,3,3,1,0,0,0,39,0,0,1,0,0,1,0,1,0,0
0,19,1,1,3,3,2,0,1,0,42,0,0,1,0,0,1,0,1,0,0
0,18,1,1,3,3,2,0,1,0,42,0,0,1,0,0,1,0,1,0,0
0,19,1,1,3,3,2,0,1,0,46,0,0,1,0,0,1,0,1,0,0
0,18,1,1,3,3,2,0,1,0,45,0,0,1,0,0,1,0,1,0,0
0,26,1,1,3,3,2,0,0,0,40,0,0,1,0,0,1,0,1,0,0
0,26,1,1,3,3,2,0,0,0,41,0,0,1,0,0,1,0,1,0,0
0,26,1,1,3,3,2,0,0,0,42,0,0,1,0,0,1,0,1,0,0
0,26,1,1,3,3,2,0,0,0,41,0,0,1,0,0,1,0,1,0,0
0,25,1,1,3,3,1,0,0,0,36,0,0,1,0,0,1,0,1,0,0
0,25,1,1,3,3,1,0,0,0,37,0,0,1,0,0,1,0,1,0,0
0,25,1,1,3,3,1,0,0,0,37,0,0,1,0,0,1,0,1,0,0
0,25,1,1,3,3,1,0,0,0,37,0,0,1,0,0,1,0,1,0,0
0,20,1,1,3,3,1,0,0,0,43,0,0,1,0,0,1,0,1,0,0
0,20,1,1,3,3,1,0,0,0,41,0,0,1,0,0,1,0,1,0,0
0,21,1,1,3,3,1,0,1,0,44,0,0,1,0,0,1,0,1,0,0
0,21,1,1,3,3,1,0,1,0,44,0,0,1,0,0,1,0,1,0,0
0,26,1,1,3,3,2,0,0,0,42,0,0,1,0,0,1,0,1,0,0
0,26,1,1,3,3,2,0,0,0,43,0,0,1,0,0,1,0,1,0,0
0,26,1,1,3,3,2,0,0,0,41,0,0,1,0,0,1,0,1,0,0
0,26,1,1,3,3,2,0,0,0,41,0,0,1,0,0,1,0,1,0,0
0,21,1,1,3,3,1,0,1,0,45,0,0,1,0,0,1,0,1,0,0
0,21,1,1,3,3,2,0,1,0,44,0,0,1,0,0,1,0,1,0,0
0,21,1,1,3,3,2,0,1,0,43,0,0,1,0,0,1,0,1,0,0
0,21,1,1,3,3,2,0,1,0,43,0,0,1,0,0,1,0,1,0,0
0,20,1,1,3,3,2,0,1,0,43,0,0,1,0,0,1,0,1,0,0
0,21,1,1,3,3,1,0,1,0,44,0,0,1,0,0,1,0,1,0,0
0,20,1,1,3,3,2,0,1,0,46,0,0,1,0,0,1,0,1,0,0
0,21,1,1,3,3,2,0,1,0,47,0,0,1,0,0,1,0,1,0,0
0,20,1,1,3,3,2,0,1,0,43,0,0,1,0,0,1,0,1,0,0
0,18,1,1,3,3,2,0,1,0,43,0,0,1,0,0,1,0,1,0,0
0,20,1,1,3,3,2,0,1,0,43,0,0,1,0,0,1,0,1,0,0
0,21,1,1,3,3,2,0,1,0,43,0,0,1,0,0,1,0,1,0,0
0,26,1,1,3,3,2,0,0,0,41,0,0,1,0,0,1,0,1,0,0
0,26,1,1,3,3,2,0,0,0,41,0,0,1,0,0,1,0,1,0,0
0,26,1,1,3,3,2,0,0,0,41,0,0,1,0,0,1,0,1,0,0
0,26,1,1,3,3,2,0,0,0,41,0,0,1,0,0,1,0,1,0,0
0,25,1,1,3,3,2,0,0,0,39,0,0,1,0,0,1,0,1,0,0
0,25,1,1,3,3,2,0,0,0,39,0,0,1,0,0,1,0,1,0,0
0,26,1,1,3,3,1,0,0,0,40,0,0,1,0,0,1,0,1,0,0
0,26,1,1,3,3,1,0,0,0,40,0,0,1,0,0,1,0,1,0,0
0,23,1,1,3,3,2,0,1,0,43,0,0,1,0,0,1,0,1,0,0
0,23,1,1,3,3,2,0,1,0,43,0,0,1,0,0,1,0,1,0,0
0,18,1,1,3,3,2,0,1,0,43,0,0,1,0,0,1,0,1,0,0
0,18,1,1,3,3,2,0,1,0,43,0,0,1,0,0,1,0,1,0,0
0,25,1,1,3,3,1,0,0,0,39,0,0,1,0,0,1,0,1,0,0
0,25,1,1,3,3,1,0,0,0,40,0,0,1,0,0,1,0,1,0,0
0,25,1,1,3,3,1,0,0,1,39,0,0,1,0,0,1,0,1,0,0
0,25,1,1,3,3,1,0,0,0,38,0,0,1,0,0,1,0,1,0,0
0,25,1,1,3,3,2,0,0,0,40,0,0,1,0,0,1,0,1,0,0
0,25,1,1,3,3,2,0,0,0,40,0,0,1,0,0,1,0,1,0,0
0,25,1,1,3,3,1,0,0,0,40,0,0,1,0,0,1,0,1,0,0
0,25,1,1,3,3,1,0,0,0,40,0,0,1,0,0,1,0,1,0,0
0,18,1,1,3,3,2,0,0,0,43,0,0,1,0,0,1,0,1,0,0
0,20,1,1,3,3,2,0,1,0,43,0,0,1,0,0,1,0,1,0,0
0,21,1,1,3,3,2,0,1,0,42,0,0,1,0,0,1,0,1,0,0
0,21,1,1,3,3,2,0,1,0,44,0,0,1,0,0,1,0,1,0,0
0,18,1,1,3,3,2,0,1,0,43,0,0,1,0,0,1,0,1,0,0
0,18,1,1,3,3,2,0,1,0,46,0,0,1,0,0,1,0,1,0,0
0,20,1,1,3,3,2,0,0,0,46,0,0,1,0,0,1,0,1,0,0
0,20,1,1,3,3,2,0,0,0,47,0,0,1,0,0,1,0,1,0,0
0,26,1,1,3,3,2,0,0,0,41,0,0,1,0,0,1,0,1,0,0
0,26,1,1,3,3,2,0,0,0,41,0,0,1,0,0,1,0,1,0,0
0,26,1,1,3,3,2,0,0,0,41,0,0,1,0,0,1,0,1,0,0
0,26,1,1,3,3,2,0,0,0,41,0,0,1,0,0,1,0,1,0,0
0,26,1,1,3,3,2,0,0,0,39,0,0,1,0,0,1,0,1,0,0
0,25,1,1,3,3,2,0,0,0,39,0,0,1,0,0,1,0,1,0,0
0,26,1,1,3,3,2,0,0,0,40,0,0,1,0,0,1,0,1,0,0
0,26,1,1,3,3,2,0,0,0,40,0,0,1,0,0,1,0,1,0,0
0,25,1,1,3,3,2,0,0,0,39,0,0,1,0,0,1,0,1,0,0
0,25,1,1,3,3,2,0,0,0,39,0,0,1,0,0,1,0,1,0,0
0,25,1,1,3,3,1,0,0,0,37,0,0,1,0,0,1,0,1,0,0
0,25,1,1,3,3,1,0,0,0,36,0,0,1,0,0,1,0,1,0,0
0,25,1,1,3,3,1,0,0,0,40,0,0,1,0,0,1,0,1,0,0
0,25,1,1,3,3,1,0,0,0,39,0,0,1,0,0,1,0,1,0,0
0,25,1,1,3,3,1,0,0,0,41,0,0,1,0,0,1,0,1,0,0
0,25,1,1,3,3,1,0,0,0,41,0,0,1,0,0,1,0,1,0,0
0,19,1,1,3,3,1,0,1,0,45,0,0,1,0,0,1,0,1,0,0
0,18,1,1,3,3,1,0,0,0,45,0,0,1,0,0,1,0,1,0,0
0,20,1,1,3,3,1,0,1,0,42,0,0,1,0,0,1,0,1,0,0
0,20,1,1,3,3,1,0,0,0,42,0,0,1,0,0,1,0,1,0,0
0,21,1,1,3,3,1,0,1,0,43,0,0,1,0,0,1,0,1,0,0
0,21,1,1,3,3,1,0,1,0,43,0,0,1,0,0,1,0,1,0,0
0,21,1,1,3,3,1,0,1,0,44,0,0,1,0,0,1,0,1,0,0
0,21,1,1,3,3,1,0,1,0,44,0,0,1,0,0,1,0,1,0,0
0,25,1,1,3,3,2,0,0,0,41,0,0,1,0,0,1,0,1,0,0
0,26,1,1,3,3,2,0,0,0,41,0,0,1,0,0,1,0,1,0,0
0,26,1,1,3,3,2,0,0,0,41,0,0,1,0,0,1,0,1,0,0
0,26,1,1,3,3,2,0,0,0,41,0,0,1,0,0,1,0,1,0,0
0,26,1,1,3,3,2,0,0,0,41,0,0,1,0,0,1,0,1,0,0
0,26,1,1,3,3,2,0,0,0,42,0,0,1,0,0,1,0,1,0,0
0,25,1,1,3,3,2,0,0,0,41,0,0,1,0,0,1,0,1,0,0
0,25,1,1,3,3,2,0,0,0,43,0,0,1,0,0,1,0,1,0,0
0,20,1,1,3,3,1,0,1,0,44,0,0,1,0,0,1,0,1,0,0
0,20,1,1,3,3,1,0,1,0,44,0,0,1,0,0,1,0,1,0,0
0,21,1,1,3,3,1,0,1,0,44,0,0,1,0,0,1,0,1,0,0
0,21,1,1,3,3,1,0,1,0,46,0,0,1,0,0,1,0,1,0,0
0,23,1,1,3,3,2,0,0,0,40,0,0,1,0,0,1,0,1,0,0
0,24,1,1,3,3,2,0,0,0,39,0,0,1,0,0,1,0,1,0,0
0,24,1,1,3,3,2,0,0,0,41,0,0,1,0,0,1,0,1,0,0
0,24,1,1,3,3,2,0,0,0,40,0,0,1,0,0,1,0,1,0,0
0,18,1,1,3,3,2,0,0,0,42,0,0,1,0,0,1,0,1,0,0
0,18,1,1,3,3,2,0,1,0,42,0,0,1,0,0,1,0,1,0,0
0,20,1,1,3,3,2,0,0,0,41,0,0,1,0,0,1,0,1,0,0
0,20,1,1,3,3,1,0,1,0,43,0,0,1,0,0,1,0,1,0,0
0,21,1,1,3,3,2,0,1,0,48,0,0,1,0,0,1,0,1,0,0
0,19,1,1,3,3,2,0,1,0,43,0,0,1,0,0,1,0,1,0,0
0,19,1,1,3,3,2,0,1,0,46,0,0,1,0,0,1,0,1,0,0
0,21,1,1,3,3,2,0,1,0,49,0,0,1,0,0,1,0,1,0,0
0,19,1,1,3,3,2,0,1,0,44,0,0,1,0,0,1,0,1,0,0
0,18,1,1,3,3,2,0,1,0,43,0,0,1,0,0,1,0,1,0,0
0,21,1,1,3,3,2,0,1,0,43,0,0,1,0,0,1,0,1,0,0
0,21,1,1,3,3,2,0,1,0,43,0,0,1,0,0,1,0,1,0,0
0,24,1,1,3,3,2,0,0,0,40,0,0,1,0,0,1,0,1,0,0
0,25,1,1,3,3,2,0,0,0,40,0,0,1,0,0,1,0,1,0,0
0,25,1,1,3,3,2,0,0,0,40,0,0,1,0,0,1,0,1,0,0
0,25,1,1,3,3,2,0,0,0,40,0,0,1,0,0,1,0,1,0,0
0,26,1,1,3,3,2,0,0,0,41,0,0,1,0,0,1,0,1,0,0
0,26,1,1,3,3,2,0,0,0,41,0,0,1,0,0,1,0,1,0,0
0,26,1,1,3,3,2,0,0,0,41,0,0,1,0,0,1,0,1,0,0
0,26,1,1,3,3,2,0,0,0,41,0,0,1,0,0,1,0,1,0,0
0,26,1,1,3,3,2,0,0,0,41,0,0,1,0,0,1,0,1,0,0
0,26,1,1,3,3,2,0,0,0,42,0,0,1,0,0,1,0,1,0,0
0,26,1,1,3,3,2,0,0,0,41,0,0,1,0,0,1,0,1,0,0
0,26,1,1,3,3,2,0,0,0,41,0,0,1,0,0,1,0,1,0,0
0,25,1,1,3,3,1,0,0,0,40,0,0,1,0,0,1,0,1,0,0
0,25,1,1,3,3,2,0,0,0,39,0,0,1,0,0,1,0,1,0,0
0,25,1,1,3,3,2,0,0,0,39,0,0,1,0,0,1,0,1,0,0
0,25,1,1,3,3,2,0,0,0,40,0,0,1,0,0,1,0,1,0,0
0,25,1,1,3,3,1,0,0,0,40,0,0,1,0,0,1,0,1,0,0
0,25,1,1,3,3,2,0,0,0,40,0,0,1,0,0,1,0,1,0,0
0,25,1,1,3,3,2,0,0,0,40,0,0,1,0,0,1,0,1,0,0
0,25,1,1,3,3,2,0,0,0,40,0,0,1,0,0,1,0,1,0,0
0,21,1,1,3,3,1,0,1,0,44,0,0,1,0,0,1,0,1,0,0
0,21,1,1,3,3,1,0,1,0,44,0,0,1,0,0,1,0,1,0,0
0,21,1,1,3,3,1,0,1,0,44,0,0,1,0,0,1,0,1,0,0
0,20,1,1,3,3,1,0,1,0,44,0,0,1,0,0,1,0,1,0,0
0,21,1,1,3,3,2,0,1,0,43,0,0,1,0,0,1,0,1,0,0
0,22,1,1,3,3,2,0,1,0,43,0,0,1,0,0,1,0,1,0,0
0,24,1,1,3,3,2,0,1,0,44,0,0,1,0,0,1,0,1,0,0
0,23,1,1,3,3,2,0,1,0,44,0,0,1,0,0,1,0,1,0,0
